ISO-10303-21;
HEADER;
/* Generated by software containing ST-Developer
 * from STEP Tools, Inc. (www.steptools.com) 
 */

FILE_DESCRIPTION(
/* description */ (''),
/* implementation_level */ '2;1');

FILE_NAME(
/* name */ 'finished design V6.step',
/* time_stamp */ '2026-09-08T00:26:50+03:00',
/* author */ (''),
/* organization */ (''),
/* preprocessor_version */ 'ST-DEVELOPER v20.2',
/* originating_system */ 'Autodesk Translation Framework v15.15.0.0',
/* authorisation */ '');

FILE_SCHEMA (('AUTOMOTIVE_DESIGN { 1 0 10303 214 3 1 1 }'));
ENDSEC;

DATA;
#10=MECHANICAL_DESIGN_GEOMETRIC_PRESENTATION_REPRESENTATION('',(#27,#28,
#29),#4879);
#11=SHAPE_REPRESENTATION_RELATIONSHIP('SRR','None',#4896,#13);
#12=SHAPE_REPRESENTATION_RELATIONSHIP('SRR','None',#4898,#14);
#13=ADVANCED_BREP_SHAPE_REPRESENTATION('',(#30,#31),#4876);
#14=ADVANCED_BREP_SHAPE_REPRESENTATION('',(#32),#4878);
#15=ITEM_DEFINED_TRANSFORMATION($,$,#3025,#3159);
#16=ITEM_DEFINED_TRANSFORMATION($,$,#3024,#3243);
#17=ITEM_DEFINED_TRANSFORMATION($,$,#3160,#3244);
#18=(
REPRESENTATION_RELATIONSHIP($,$,#4897,#4896)
REPRESENTATION_RELATIONSHIP_WITH_TRANSFORMATION(#15)
SHAPE_REPRESENTATION_RELATIONSHIP()
);
#19=(
REPRESENTATION_RELATIONSHIP($,$,#4896,#4895)
REPRESENTATION_RELATIONSHIP_WITH_TRANSFORMATION(#16)
SHAPE_REPRESENTATION_RELATIONSHIP()
);
#20=(
REPRESENTATION_RELATIONSHIP($,$,#4898,#4895)
REPRESENTATION_RELATIONSHIP_WITH_TRANSFORMATION(#17)
SHAPE_REPRESENTATION_RELATIONSHIP()
);
#21=CONTEXT_DEPENDENT_SHAPE_REPRESENTATION(#18,#4891);
#22=CONTEXT_DEPENDENT_SHAPE_REPRESENTATION(#19,#4893);
#23=CONTEXT_DEPENDENT_SHAPE_REPRESENTATION(#20,#4894);
#24=NEXT_ASSEMBLY_USAGE_OCCURRENCE(
'macro_keyboard_transmitter_soldermask:1',
'macro_keyboard_transmitter_soldermask:1',
'macro_keyboard_transmitter_soldermask:1',#4901,#4902,
'macro_keyboard_transmitter_soldermask:1');
#25=NEXT_ASSEMBLY_USAGE_OCCURRENCE(
'Macro_Keyboard_Transmitter_Design_Mine_Bottom_Shell v123123 v1:1',
'Macro_Keyboard_Transmitter_Design_Mine_Bottom_Shell v123123 v1:1',
'Macro_Keyboard_Transmitter_Design_Mine_Bottom_Shell v123123 v1:1',#4900,
#4901,
'Macro_Keyboard_Transmitter_Design_Mine_Bottom_Shell v123123 v1:1');
#26=NEXT_ASSEMBLY_USAGE_OCCURRENCE('Top_Shell v1:2','Top_Shell v1:2',
'Top_Shell v1:2',#4900,#4903,'Top_Shell v1:2');
#27=STYLED_ITEM('',(#4919),#30);
#28=STYLED_ITEM('',(#4919),#31);
#29=STYLED_ITEM('',(#4919),#32);
#30=MANIFOLD_SOLID_BREP('Body1',#2997);
#31=MANIFOLD_SOLID_BREP('Body1',#2998);
#32=MANIFOLD_SOLID_BREP('Body1',#2999);
#33=SPHERICAL_SURFACE('',#3110,2.);
#34=SPHERICAL_SURFACE('',#3114,2.);
#35=SPHERICAL_SURFACE('',#3118,2.);
#36=SPHERICAL_SURFACE('',#3124,2.);
#37=CYLINDRICAL_SURFACE('',#3043,2.);
#38=CYLINDRICAL_SURFACE('',#3045,2.);
#39=CYLINDRICAL_SURFACE('',#3067,3.);
#40=CYLINDRICAL_SURFACE('',#3072,3.);
#41=CYLINDRICAL_SURFACE('',#3074,3.);
#42=CYLINDRICAL_SURFACE('',#3079,3.);
#43=CYLINDRICAL_SURFACE('',#3081,3.);
#44=CYLINDRICAL_SURFACE('',#3117,2.);
#45=CYLINDRICAL_SURFACE('',#3122,2.);
#46=CYLINDRICAL_SURFACE('',#3123,2.);
#47=CYLINDRICAL_SURFACE('',#3127,2.);
#48=CYLINDRICAL_SURFACE('',#3128,2.);
#49=CYLINDRICAL_SURFACE('',#3129,2.);
#50=CYLINDRICAL_SURFACE('',#3137,1.25);
#51=CYLINDRICAL_SURFACE('',#3141,1.25);
#52=CYLINDRICAL_SURFACE('',#3143,1.25);
#53=CYLINDRICAL_SURFACE('',#3145,1.25);
#54=CYLINDRICAL_SURFACE('',#3147,3.00000000000001);
#55=CYLINDRICAL_SURFACE('',#3156,3.);
#56=CYLINDRICAL_SURFACE('',#3232,1.7);
#57=CYLINDRICAL_SURFACE('',#3234,1.7);
#58=CYLINDRICAL_SURFACE('',#3236,1.7);
#59=CYLINDRICAL_SURFACE('',#3238,1.7);
#60=FACE_BOUND('',#263,.T.);
#61=FACE_BOUND('',#266,.T.);
#62=FACE_BOUND('',#267,.T.);
#63=FACE_BOUND('',#272,.T.);
#64=FACE_BOUND('',#273,.T.);
#65=FACE_BOUND('',#279,.T.);
#66=FACE_BOUND('',#313,.T.);
#67=FACE_BOUND('',#314,.T.);
#68=FACE_BOUND('',#339,.T.);
#69=FACE_BOUND('',#341,.T.);
#70=FACE_BOUND('',#343,.T.);
#71=FACE_BOUND('',#345,.T.);
#72=FACE_BOUND('',#351,.T.);
#73=FACE_BOUND('',#352,.T.);
#74=FACE_BOUND('',#353,.T.);
#75=FACE_BOUND('',#354,.T.);
#76=FACE_BOUND('',#355,.T.);
#77=FACE_BOUND('',#356,.T.);
#78=FACE_BOUND('',#357,.T.);
#79=FACE_BOUND('',#358,.T.);
#80=FACE_BOUND('',#359,.T.);
#81=FACE_BOUND('',#360,.T.);
#82=FACE_BOUND('',#361,.T.);
#83=FACE_BOUND('',#362,.T.);
#84=FACE_BOUND('',#363,.T.);
#85=FACE_BOUND('',#364,.T.);
#86=FACE_BOUND('',#365,.T.);
#87=FACE_BOUND('',#366,.T.);
#88=FACE_BOUND('',#367,.T.);
#89=FACE_BOUND('',#368,.T.);
#90=FACE_BOUND('',#369,.T.);
#91=FACE_BOUND('',#370,.T.);
#92=FACE_BOUND('',#444,.T.);
#93=FACE_BOUND('',#445,.T.);
#94=FACE_BOUND('',#446,.T.);
#95=FACE_BOUND('',#447,.T.);
#96=FACE_BOUND('',#448,.T.);
#97=FACE_BOUND('',#449,.T.);
#98=FACE_BOUND('',#450,.T.);
#99=FACE_BOUND('',#451,.T.);
#100=FACE_BOUND('',#452,.T.);
#101=FACE_BOUND('',#453,.T.);
#102=FACE_BOUND('',#454,.T.);
#103=FACE_BOUND('',#455,.T.);
#104=FACE_BOUND('',#456,.T.);
#105=FACE_BOUND('',#457,.T.);
#106=FACE_BOUND('',#458,.T.);
#107=FACE_BOUND('',#459,.T.);
#108=FACE_BOUND('',#460,.T.);
#109=FACE_BOUND('',#461,.T.);
#110=FACE_BOUND('',#462,.T.);
#111=FACE_BOUND('',#463,.T.);
#112=FACE_OUTER_BOUND('',#262,.T.);
#113=FACE_OUTER_BOUND('',#264,.T.);
#114=FACE_OUTER_BOUND('',#265,.T.);
#115=FACE_OUTER_BOUND('',#268,.T.);
#116=FACE_OUTER_BOUND('',#269,.T.);
#117=FACE_OUTER_BOUND('',#270,.T.);
#118=FACE_OUTER_BOUND('',#271,.T.);
#119=FACE_OUTER_BOUND('',#274,.T.);
#120=FACE_OUTER_BOUND('',#275,.T.);
#121=FACE_OUTER_BOUND('',#276,.T.);
#122=FACE_OUTER_BOUND('',#277,.T.);
#123=FACE_OUTER_BOUND('',#278,.T.);
#124=FACE_OUTER_BOUND('',#280,.T.);
#125=FACE_OUTER_BOUND('',#281,.T.);
#126=FACE_OUTER_BOUND('',#282,.T.);
#127=FACE_OUTER_BOUND('',#283,.T.);
#128=FACE_OUTER_BOUND('',#284,.T.);
#129=FACE_OUTER_BOUND('',#285,.T.);
#130=FACE_OUTER_BOUND('',#286,.T.);
#131=FACE_OUTER_BOUND('',#287,.T.);
#132=FACE_OUTER_BOUND('',#288,.T.);
#133=FACE_OUTER_BOUND('',#289,.T.);
#134=FACE_OUTER_BOUND('',#290,.T.);
#135=FACE_OUTER_BOUND('',#291,.T.);
#136=FACE_OUTER_BOUND('',#292,.T.);
#137=FACE_OUTER_BOUND('',#293,.T.);
#138=FACE_OUTER_BOUND('',#294,.T.);
#139=FACE_OUTER_BOUND('',#295,.T.);
#140=FACE_OUTER_BOUND('',#296,.T.);
#141=FACE_OUTER_BOUND('',#297,.T.);
#142=FACE_OUTER_BOUND('',#298,.T.);
#143=FACE_OUTER_BOUND('',#299,.T.);
#144=FACE_OUTER_BOUND('',#300,.T.);
#145=FACE_OUTER_BOUND('',#301,.T.);
#146=FACE_OUTER_BOUND('',#302,.T.);
#147=FACE_OUTER_BOUND('',#303,.T.);
#148=FACE_OUTER_BOUND('',#304,.T.);
#149=FACE_OUTER_BOUND('',#305,.T.);
#150=FACE_OUTER_BOUND('',#306,.T.);
#151=FACE_OUTER_BOUND('',#307,.T.);
#152=FACE_OUTER_BOUND('',#308,.T.);
#153=FACE_OUTER_BOUND('',#309,.T.);
#154=FACE_OUTER_BOUND('',#310,.T.);
#155=FACE_OUTER_BOUND('',#311,.T.);
#156=FACE_OUTER_BOUND('',#312,.T.);
#157=FACE_OUTER_BOUND('',#315,.T.);
#158=FACE_OUTER_BOUND('',#316,.T.);
#159=FACE_OUTER_BOUND('',#317,.T.);
#160=FACE_OUTER_BOUND('',#318,.T.);
#161=FACE_OUTER_BOUND('',#319,.T.);
#162=FACE_OUTER_BOUND('',#320,.T.);
#163=FACE_OUTER_BOUND('',#321,.T.);
#164=FACE_OUTER_BOUND('',#322,.T.);
#165=FACE_OUTER_BOUND('',#323,.T.);
#166=FACE_OUTER_BOUND('',#324,.T.);
#167=FACE_OUTER_BOUND('',#325,.T.);
#168=FACE_OUTER_BOUND('',#326,.T.);
#169=FACE_OUTER_BOUND('',#327,.T.);
#170=FACE_OUTER_BOUND('',#328,.T.);
#171=FACE_OUTER_BOUND('',#329,.T.);
#172=FACE_OUTER_BOUND('',#330,.T.);
#173=FACE_OUTER_BOUND('',#331,.T.);
#174=FACE_OUTER_BOUND('',#332,.T.);
#175=FACE_OUTER_BOUND('',#333,.T.);
#176=FACE_OUTER_BOUND('',#334,.T.);
#177=FACE_OUTER_BOUND('',#335,.T.);
#178=FACE_OUTER_BOUND('',#336,.T.);
#179=FACE_OUTER_BOUND('',#337,.T.);
#180=FACE_OUTER_BOUND('',#338,.T.);
#181=FACE_OUTER_BOUND('',#340,.T.);
#182=FACE_OUTER_BOUND('',#342,.T.);
#183=FACE_OUTER_BOUND('',#344,.T.);
#184=FACE_OUTER_BOUND('',#346,.T.);
#185=FACE_OUTER_BOUND('',#347,.T.);
#186=FACE_OUTER_BOUND('',#348,.T.);
#187=FACE_OUTER_BOUND('',#349,.T.);
#188=FACE_OUTER_BOUND('',#350,.T.);
#189=FACE_OUTER_BOUND('',#371,.T.);
#190=FACE_OUTER_BOUND('',#372,.T.);
#191=FACE_OUTER_BOUND('',#373,.T.);
#192=FACE_OUTER_BOUND('',#374,.T.);
#193=FACE_OUTER_BOUND('',#375,.T.);
#194=FACE_OUTER_BOUND('',#376,.T.);
#195=FACE_OUTER_BOUND('',#377,.T.);
#196=FACE_OUTER_BOUND('',#378,.T.);
#197=FACE_OUTER_BOUND('',#379,.T.);
#198=FACE_OUTER_BOUND('',#380,.T.);
#199=FACE_OUTER_BOUND('',#381,.T.);
#200=FACE_OUTER_BOUND('',#382,.T.);
#201=FACE_OUTER_BOUND('',#383,.T.);
#202=FACE_OUTER_BOUND('',#384,.T.);
#203=FACE_OUTER_BOUND('',#385,.T.);
#204=FACE_OUTER_BOUND('',#386,.T.);
#205=FACE_OUTER_BOUND('',#387,.T.);
#206=FACE_OUTER_BOUND('',#388,.T.);
#207=FACE_OUTER_BOUND('',#389,.T.);
#208=FACE_OUTER_BOUND('',#390,.T.);
#209=FACE_OUTER_BOUND('',#391,.T.);
#210=FACE_OUTER_BOUND('',#392,.T.);
#211=FACE_OUTER_BOUND('',#393,.T.);
#212=FACE_OUTER_BOUND('',#394,.T.);
#213=FACE_OUTER_BOUND('',#395,.T.);
#214=FACE_OUTER_BOUND('',#396,.T.);
#215=FACE_OUTER_BOUND('',#397,.T.);
#216=FACE_OUTER_BOUND('',#398,.T.);
#217=FACE_OUTER_BOUND('',#399,.T.);
#218=FACE_OUTER_BOUND('',#400,.T.);
#219=FACE_OUTER_BOUND('',#401,.T.);
#220=FACE_OUTER_BOUND('',#402,.T.);
#221=FACE_OUTER_BOUND('',#403,.T.);
#222=FACE_OUTER_BOUND('',#404,.T.);
#223=FACE_OUTER_BOUND('',#405,.T.);
#224=FACE_OUTER_BOUND('',#406,.T.);
#225=FACE_OUTER_BOUND('',#407,.T.);
#226=FACE_OUTER_BOUND('',#408,.T.);
#227=FACE_OUTER_BOUND('',#409,.T.);
#228=FACE_OUTER_BOUND('',#410,.T.);
#229=FACE_OUTER_BOUND('',#411,.T.);
#230=FACE_OUTER_BOUND('',#412,.T.);
#231=FACE_OUTER_BOUND('',#413,.T.);
#232=FACE_OUTER_BOUND('',#414,.T.);
#233=FACE_OUTER_BOUND('',#415,.T.);
#234=FACE_OUTER_BOUND('',#416,.T.);
#235=FACE_OUTER_BOUND('',#417,.T.);
#236=FACE_OUTER_BOUND('',#418,.T.);
#237=FACE_OUTER_BOUND('',#419,.T.);
#238=FACE_OUTER_BOUND('',#420,.T.);
#239=FACE_OUTER_BOUND('',#421,.T.);
#240=FACE_OUTER_BOUND('',#422,.T.);
#241=FACE_OUTER_BOUND('',#423,.T.);
#242=FACE_OUTER_BOUND('',#424,.T.);
#243=FACE_OUTER_BOUND('',#425,.T.);
#244=FACE_OUTER_BOUND('',#426,.T.);
#245=FACE_OUTER_BOUND('',#427,.T.);
#246=FACE_OUTER_BOUND('',#428,.T.);
#247=FACE_OUTER_BOUND('',#429,.T.);
#248=FACE_OUTER_BOUND('',#430,.T.);
#249=FACE_OUTER_BOUND('',#431,.T.);
#250=FACE_OUTER_BOUND('',#432,.T.);
#251=FACE_OUTER_BOUND('',#433,.T.);
#252=FACE_OUTER_BOUND('',#434,.T.);
#253=FACE_OUTER_BOUND('',#435,.T.);
#254=FACE_OUTER_BOUND('',#436,.T.);
#255=FACE_OUTER_BOUND('',#437,.T.);
#256=FACE_OUTER_BOUND('',#438,.T.);
#257=FACE_OUTER_BOUND('',#439,.T.);
#258=FACE_OUTER_BOUND('',#440,.T.);
#259=FACE_OUTER_BOUND('',#441,.T.);
#260=FACE_OUTER_BOUND('',#442,.T.);
#261=FACE_OUTER_BOUND('',#443,.T.);
#262=EDGE_LOOP('',(#1900,#1901,#1902,#1903,#1904,#1905,#1906,#1907));
#263=EDGE_LOOP('',(#1908,#1909,#1910,#1911));
#264=EDGE_LOOP('',(#1912,#1913,#1914,#1915));
#265=EDGE_LOOP('',(#1916,#1917,#1918,#1919));
#266=EDGE_LOOP('',(#1920,#1921,#1922,#1923));
#267=EDGE_LOOP('',(#1924,#1925,#1926,#1927));
#268=EDGE_LOOP('',(#1928,#1929,#1930,#1931));
#269=EDGE_LOOP('',(#1932,#1933,#1934,#1935));
#270=EDGE_LOOP('',(#1936,#1937,#1938,#1939));
#271=EDGE_LOOP('',(#1940,#1941,#1942,#1943));
#272=EDGE_LOOP('',(#1944,#1945,#1946,#1947));
#273=EDGE_LOOP('',(#1948,#1949,#1950,#1951));
#274=EDGE_LOOP('',(#1952,#1953,#1954,#1955));
#275=EDGE_LOOP('',(#1956,#1957,#1958,#1959));
#276=EDGE_LOOP('',(#1960,#1961,#1962,#1963));
#277=EDGE_LOOP('',(#1964,#1965,#1966,#1967));
#278=EDGE_LOOP('',(#1968,#1969,#1970,#1971));
#279=EDGE_LOOP('',(#1972,#1973,#1974,#1975));
#280=EDGE_LOOP('',(#1976,#1977,#1978,#1979));
#281=EDGE_LOOP('',(#1980,#1981,#1982,#1983));
#282=EDGE_LOOP('',(#1984,#1985,#1986,#1987));
#283=EDGE_LOOP('',(#1988,#1989,#1990,#1991));
#284=EDGE_LOOP('',(#1992,#1993,#1994,#1995,#1996,#1997));
#285=EDGE_LOOP('',(#1998,#1999,#2000,#2001));
#286=EDGE_LOOP('',(#2002,#2003,#2004,#2005));
#287=EDGE_LOOP('',(#2006,#2007,#2008,#2009,#2010,#2011,#2012,#2013));
#288=EDGE_LOOP('',(#2014,#2015,#2016,#2017,#2018,#2019,#2020));
#289=EDGE_LOOP('',(#2021,#2022,#2023));
#290=EDGE_LOOP('',(#2024,#2025,#2026));
#291=EDGE_LOOP('',(#2027,#2028,#2029));
#292=EDGE_LOOP('',(#2030,#2031,#2032,#2033));
#293=EDGE_LOOP('',(#2034,#2035,#2036,#2037));
#294=EDGE_LOOP('',(#2038,#2039,#2040,#2041,#2042,#2043,#2044,#2045,#2046,
#2047,#2048,#2049));
#295=EDGE_LOOP('',(#2050,#2051,#2052,#2053,#2054));
#296=EDGE_LOOP('',(#2055,#2056,#2057,#2058,#2059,#2060,#2061,#2062,#2063,
#2064,#2065,#2066));
#297=EDGE_LOOP('',(#2067,#2068,#2069,#2070));
#298=EDGE_LOOP('',(#2071,#2072,#2073,#2074,#2075,#2076,#2077,#2078,#2079,
#2080,#2081,#2082));
#299=EDGE_LOOP('',(#2083,#2084,#2085,#2086,#2087,#2088,#2089));
#300=EDGE_LOOP('',(#2090,#2091,#2092,#2093,#2094,#2095,#2096,#2097));
#301=EDGE_LOOP('',(#2098,#2099,#2100,#2101,#2102,#2103,#2104));
#302=EDGE_LOOP('',(#2105,#2106,#2107,#2108,#2109));
#303=EDGE_LOOP('',(#2110,#2111,#2112,#2113));
#304=EDGE_LOOP('',(#2114,#2115,#2116,#2117));
#305=EDGE_LOOP('',(#2118,#2119,#2120,#2121));
#306=EDGE_LOOP('',(#2122,#2123,#2124,#2125,#2126,#2127,#2128,#2129,#2130,
#2131,#2132,#2133,#2134,#2135,#2136,#2137,#2138,#2139,#2140,#2141,#2142,
#2143,#2144,#2145,#2146,#2147,#2148,#2149));
#307=EDGE_LOOP('',(#2150,#2151,#2152,#2153));
#308=EDGE_LOOP('',(#2154,#2155));
#309=EDGE_LOOP('',(#2156,#2157));
#310=EDGE_LOOP('',(#2158,#2159));
#311=EDGE_LOOP('',(#2160,#2161,#2162,#2163));
#312=EDGE_LOOP('',(#2164,#2165,#2166,#2167));
#313=EDGE_LOOP('',(#2168));
#314=EDGE_LOOP('',(#2169,#2170,#2171,#2172,#2173,#2174,#2175,#2176,#2177,
#2178));
#315=EDGE_LOOP('',(#2179,#2180,#2181));
#316=EDGE_LOOP('',(#2182,#2183,#2184));
#317=EDGE_LOOP('',(#2185,#2186,#2187,#2188));
#318=EDGE_LOOP('',(#2189,#2190,#2191));
#319=EDGE_LOOP('',(#2192,#2193,#2194,#2195));
#320=EDGE_LOOP('',(#2196,#2197,#2198,#2199));
#321=EDGE_LOOP('',(#2200,#2201,#2202));
#322=EDGE_LOOP('',(#2203,#2204,#2205,#2206));
#323=EDGE_LOOP('',(#2207,#2208,#2209,#2210));
#324=EDGE_LOOP('',(#2211,#2212,#2213,#2214));
#325=EDGE_LOOP('',(#2215,#2216,#2217,#2218));
#326=EDGE_LOOP('',(#2219,#2220,#2221,#2222));
#327=EDGE_LOOP('',(#2223,#2224,#2225,#2226));
#328=EDGE_LOOP('',(#2227,#2228,#2229,#2230));
#329=EDGE_LOOP('',(#2231,#2232,#2233,#2234));
#330=EDGE_LOOP('',(#2235,#2236));
#331=EDGE_LOOP('',(#2237,#2238));
#332=EDGE_LOOP('',(#2239,#2240,#2241,#2242));
#333=EDGE_LOOP('',(#2243));
#334=EDGE_LOOP('',(#2244,#2245,#2246,#2247,#2248,#2249,#2250,#2251));
#335=EDGE_LOOP('',(#2252,#2253,#2254,#2255,#2256,#2257,#2258,#2259));
#336=EDGE_LOOP('',(#2260,#2261,#2262,#2263,#2264,#2265,#2266,#2267));
#337=EDGE_LOOP('',(#2268,#2269,#2270,#2271));
#338=EDGE_LOOP('',(#2272));
#339=EDGE_LOOP('',(#2273));
#340=EDGE_LOOP('',(#2274));
#341=EDGE_LOOP('',(#2275));
#342=EDGE_LOOP('',(#2276));
#343=EDGE_LOOP('',(#2277));
#344=EDGE_LOOP('',(#2278));
#345=EDGE_LOOP('',(#2279));
#346=EDGE_LOOP('',(#2280,#2281));
#347=EDGE_LOOP('',(#2282,#2283,#2284,#2285));
#348=EDGE_LOOP('',(#2286,#2287,#2288,#2289));
#349=EDGE_LOOP('',(#2290,#2291));
#350=EDGE_LOOP('',(#2292,#2293,#2294,#2295));
#351=EDGE_LOOP('',(#2296));
#352=EDGE_LOOP('',(#2297));
#353=EDGE_LOOP('',(#2298));
#354=EDGE_LOOP('',(#2299));
#355=EDGE_LOOP('',(#2300,#2301,#2302,#2303));
#356=EDGE_LOOP('',(#2304,#2305,#2306,#2307));
#357=EDGE_LOOP('',(#2308,#2309,#2310,#2311));
#358=EDGE_LOOP('',(#2312,#2313,#2314,#2315));
#359=EDGE_LOOP('',(#2316,#2317,#2318,#2319));
#360=EDGE_LOOP('',(#2320,#2321,#2322,#2323));
#361=EDGE_LOOP('',(#2324,#2325,#2326,#2327));
#362=EDGE_LOOP('',(#2328,#2329,#2330,#2331));
#363=EDGE_LOOP('',(#2332,#2333,#2334,#2335));
#364=EDGE_LOOP('',(#2336,#2337,#2338,#2339));
#365=EDGE_LOOP('',(#2340,#2341,#2342,#2343));
#366=EDGE_LOOP('',(#2344,#2345,#2346,#2347));
#367=EDGE_LOOP('',(#2348,#2349,#2350,#2351));
#368=EDGE_LOOP('',(#2352,#2353,#2354,#2355));
#369=EDGE_LOOP('',(#2356,#2357,#2358,#2359));
#370=EDGE_LOOP('',(#2360,#2361,#2362,#2363));
#371=EDGE_LOOP('',(#2364,#2365,#2366,#2367));
#372=EDGE_LOOP('',(#2368,#2369,#2370,#2371));
#373=EDGE_LOOP('',(#2372,#2373,#2374,#2375));
#374=EDGE_LOOP('',(#2376,#2377,#2378,#2379));
#375=EDGE_LOOP('',(#2380,#2381,#2382,#2383));
#376=EDGE_LOOP('',(#2384,#2385,#2386,#2387));
#377=EDGE_LOOP('',(#2388,#2389,#2390,#2391));
#378=EDGE_LOOP('',(#2392,#2393,#2394,#2395));
#379=EDGE_LOOP('',(#2396,#2397,#2398,#2399));
#380=EDGE_LOOP('',(#2400,#2401,#2402,#2403));
#381=EDGE_LOOP('',(#2404,#2405,#2406,#2407));
#382=EDGE_LOOP('',(#2408,#2409,#2410,#2411));
#383=EDGE_LOOP('',(#2412,#2413,#2414,#2415));
#384=EDGE_LOOP('',(#2416,#2417,#2418,#2419));
#385=EDGE_LOOP('',(#2420,#2421,#2422,#2423));
#386=EDGE_LOOP('',(#2424,#2425,#2426,#2427));
#387=EDGE_LOOP('',(#2428,#2429,#2430,#2431));
#388=EDGE_LOOP('',(#2432,#2433,#2434,#2435));
#389=EDGE_LOOP('',(#2436,#2437,#2438,#2439));
#390=EDGE_LOOP('',(#2440,#2441,#2442,#2443));
#391=EDGE_LOOP('',(#2444,#2445,#2446,#2447));
#392=EDGE_LOOP('',(#2448,#2449,#2450,#2451));
#393=EDGE_LOOP('',(#2452,#2453,#2454,#2455));
#394=EDGE_LOOP('',(#2456,#2457,#2458,#2459));
#395=EDGE_LOOP('',(#2460,#2461,#2462,#2463));
#396=EDGE_LOOP('',(#2464,#2465,#2466,#2467));
#397=EDGE_LOOP('',(#2468,#2469,#2470,#2471));
#398=EDGE_LOOP('',(#2472,#2473,#2474,#2475));
#399=EDGE_LOOP('',(#2476,#2477,#2478,#2479));
#400=EDGE_LOOP('',(#2480,#2481,#2482,#2483));
#401=EDGE_LOOP('',(#2484,#2485,#2486,#2487));
#402=EDGE_LOOP('',(#2488,#2489,#2490,#2491));
#403=EDGE_LOOP('',(#2492,#2493,#2494,#2495));
#404=EDGE_LOOP('',(#2496,#2497,#2498,#2499));
#405=EDGE_LOOP('',(#2500,#2501,#2502,#2503));
#406=EDGE_LOOP('',(#2504,#2505,#2506,#2507));
#407=EDGE_LOOP('',(#2508,#2509,#2510,#2511));
#408=EDGE_LOOP('',(#2512,#2513,#2514,#2515));
#409=EDGE_LOOP('',(#2516,#2517,#2518,#2519));
#410=EDGE_LOOP('',(#2520,#2521,#2522,#2523));
#411=EDGE_LOOP('',(#2524,#2525,#2526,#2527));
#412=EDGE_LOOP('',(#2528,#2529,#2530,#2531));
#413=EDGE_LOOP('',(#2532,#2533,#2534,#2535));
#414=EDGE_LOOP('',(#2536,#2537,#2538,#2539));
#415=EDGE_LOOP('',(#2540,#2541,#2542,#2543));
#416=EDGE_LOOP('',(#2544,#2545,#2546,#2547));
#417=EDGE_LOOP('',(#2548,#2549,#2550,#2551));
#418=EDGE_LOOP('',(#2552,#2553,#2554,#2555));
#419=EDGE_LOOP('',(#2556,#2557,#2558,#2559));
#420=EDGE_LOOP('',(#2560,#2561,#2562,#2563));
#421=EDGE_LOOP('',(#2564,#2565,#2566,#2567));
#422=EDGE_LOOP('',(#2568,#2569,#2570,#2571));
#423=EDGE_LOOP('',(#2572,#2573,#2574,#2575));
#424=EDGE_LOOP('',(#2576,#2577,#2578,#2579));
#425=EDGE_LOOP('',(#2580,#2581,#2582,#2583));
#426=EDGE_LOOP('',(#2584,#2585,#2586,#2587));
#427=EDGE_LOOP('',(#2588,#2589,#2590,#2591));
#428=EDGE_LOOP('',(#2592,#2593,#2594,#2595));
#429=EDGE_LOOP('',(#2596,#2597,#2598,#2599));
#430=EDGE_LOOP('',(#2600,#2601,#2602,#2603));
#431=EDGE_LOOP('',(#2604,#2605,#2606,#2607));
#432=EDGE_LOOP('',(#2608,#2609,#2610,#2611));
#433=EDGE_LOOP('',(#2612,#2613,#2614,#2615));
#434=EDGE_LOOP('',(#2616,#2617,#2618,#2619));
#435=EDGE_LOOP('',(#2620,#2621,#2622,#2623));
#436=EDGE_LOOP('',(#2624,#2625,#2626,#2627));
#437=EDGE_LOOP('',(#2628,#2629,#2630,#2631));
#438=EDGE_LOOP('',(#2632,#2633,#2634,#2635));
#439=EDGE_LOOP('',(#2636,#2637,#2638,#2639));
#440=EDGE_LOOP('',(#2640,#2641,#2642,#2643));
#441=EDGE_LOOP('',(#2644,#2645,#2646,#2647));
#442=EDGE_LOOP('',(#2648,#2649,#2650,#2651));
#443=EDGE_LOOP('',(#2652,#2653,#2654,#2655));
#444=EDGE_LOOP('',(#2656,#2657,#2658,#2659));
#445=EDGE_LOOP('',(#2660,#2661,#2662,#2663));
#446=EDGE_LOOP('',(#2664,#2665,#2666,#2667));
#447=EDGE_LOOP('',(#2668,#2669,#2670,#2671));
#448=EDGE_LOOP('',(#2672,#2673,#2674,#2675));
#449=EDGE_LOOP('',(#2676,#2677,#2678,#2679));
#450=EDGE_LOOP('',(#2680));
#451=EDGE_LOOP('',(#2681));
#452=EDGE_LOOP('',(#2682));
#453=EDGE_LOOP('',(#2683));
#454=EDGE_LOOP('',(#2684,#2685,#2686,#2687));
#455=EDGE_LOOP('',(#2688,#2689,#2690,#2691));
#456=EDGE_LOOP('',(#2692,#2693,#2694,#2695));
#457=EDGE_LOOP('',(#2696,#2697,#2698,#2699));
#458=EDGE_LOOP('',(#2700,#2701,#2702,#2703));
#459=EDGE_LOOP('',(#2704,#2705,#2706,#2707));
#460=EDGE_LOOP('',(#2708,#2709,#2710,#2711));
#461=EDGE_LOOP('',(#2712,#2713,#2714,#2715));
#462=EDGE_LOOP('',(#2716,#2717,#2718,#2719));
#463=EDGE_LOOP('',(#2720,#2721,#2722,#2723));
#464=LINE('',#4044,#811);
#465=LINE('',#4048,#812);
#466=LINE('',#4052,#813);
#467=LINE('',#4055,#814);
#468=LINE('',#4058,#815);
#469=LINE('',#4060,#816);
#470=LINE('',#4062,#817);
#471=LINE('',#4063,#818);
#472=LINE('',#4067,#819);
#473=LINE('',#4069,#820);
#474=LINE('',#4071,#821);
#475=LINE('',#4072,#822);
#476=LINE('',#4075,#823);
#477=LINE('',#4077,#824);
#478=LINE('',#4078,#825);
#479=LINE('',#4080,#826);
#480=LINE('',#4082,#827);
#481=LINE('',#4083,#828);
#482=LINE('',#4086,#829);
#483=LINE('',#4088,#830);
#484=LINE('',#4090,#831);
#485=LINE('',#4091,#832);
#486=LINE('',#4095,#833);
#487=LINE('',#4096,#834);
#488=LINE('',#4097,#835);
#489=LINE('',#4099,#836);
#490=LINE('',#4101,#837);
#491=LINE('',#4104,#838);
#492=LINE('',#4106,#839);
#493=LINE('',#4107,#840);
#494=LINE('',#4110,#841);
#495=LINE('',#4112,#842);
#496=LINE('',#4114,#843);
#497=LINE('',#4115,#844);
#498=LINE('',#4118,#845);
#499=LINE('',#4119,#846);
#500=LINE('',#4122,#847);
#501=LINE('',#4124,#848);
#502=LINE('',#4125,#849);
#503=LINE('',#4128,#850);
#504=LINE('',#4130,#851);
#505=LINE('',#4131,#852);
#506=LINE('',#4134,#853);
#507=LINE('',#4136,#854);
#508=LINE('',#4137,#855);
#509=LINE('',#4140,#856);
#510=LINE('',#4141,#857);
#511=LINE('',#4144,#858);
#512=LINE('',#4146,#859);
#513=LINE('',#4148,#860);
#514=LINE('',#4149,#861);
#515=LINE('',#4151,#862);
#516=LINE('',#4159,#863);
#517=LINE('',#4161,#864);
#518=LINE('',#4163,#865);
#519=LINE('',#4164,#866);
#520=LINE('',#4168,#867);
#521=LINE('',#4169,#868);
#522=LINE('',#4171,#869);
#523=LINE('',#4173,#870);
#524=LINE('',#4174,#871);
#525=LINE('',#4178,#872);
#526=LINE('',#4180,#873);
#527=LINE('',#4182,#874);
#528=LINE('',#4183,#875);
#529=LINE('',#4185,#876);
#530=LINE('',#4186,#877);
#531=LINE('',#4200,#878);
#532=LINE('',#4205,#879);
#533=LINE('',#4208,#880);
#534=LINE('',#4211,#881);
#535=LINE('',#4212,#882);
#536=LINE('',#4215,#883);
#537=LINE('',#4217,#884);
#538=LINE('',#4218,#885);
#539=LINE('',#4222,#886);
#540=LINE('',#4226,#887);
#541=LINE('',#4230,#888);
#542=LINE('',#4234,#889);
#543=LINE('',#4237,#890);
#544=LINE('',#4241,#891);
#545=LINE('',#4245,#892);
#546=LINE('',#4249,#893);
#547=LINE('',#4253,#894);
#548=LINE('',#4256,#895);
#549=LINE('',#4260,#896);
#550=LINE('',#4264,#897);
#551=LINE('',#4268,#898);
#552=LINE('',#4274,#899);
#553=LINE('',#4276,#900);
#554=LINE('',#4282,#901);
#555=LINE('',#4283,#902);
#556=LINE('',#4285,#903);
#557=LINE('',#4291,#904);
#558=LINE('',#4292,#905);
#559=LINE('',#4294,#906);
#560=LINE('',#4297,#907);
#561=LINE('',#4299,#908);
#562=LINE('',#4303,#909);
#563=LINE('',#4305,#910);
#564=LINE('',#4307,#911);
#565=LINE('',#4308,#912);
#566=LINE('',#4311,#913);
#567=LINE('',#4313,#914);
#568=LINE('',#4314,#915);
#569=LINE('',#4317,#916);
#570=LINE('',#4319,#917);
#571=LINE('',#4321,#918);
#572=LINE('',#4322,#919);
#573=LINE('',#4323,#920);
#574=LINE('',#4325,#921);
#575=LINE('',#4327,#922);
#576=LINE('',#4328,#923);
#577=LINE('',#4329,#924);
#578=LINE('',#4331,#925);
#579=LINE('',#4333,#926);
#580=LINE('',#4334,#927);
#581=LINE('',#4335,#928);
#582=LINE('',#4337,#929);
#583=LINE('',#4338,#930);
#584=LINE('',#4340,#931);
#585=LINE('',#4341,#932);
#586=LINE('',#4362,#933);
#587=LINE('',#4369,#934);
#588=LINE('',#4376,#935);
#589=LINE('',#4378,#936);
#590=LINE('',#4382,#937);
#591=LINE('',#4383,#938);
#592=LINE('',#4385,#939);
#593=LINE('',#4387,#940);
#594=LINE('',#4395,#941);
#595=LINE('',#4400,#942);
#596=LINE('',#4404,#943);
#597=LINE('',#4408,#944);
#598=LINE('',#4413,#945);
#599=LINE('',#4421,#946);
#600=LINE('',#4425,#947);
#601=LINE('',#4427,#948);
#602=LINE('',#4428,#949);
#603=LINE('',#4437,#950);
#604=LINE('',#4439,#951);
#605=LINE('',#4441,#952);
#606=LINE('',#4442,#953);
#607=LINE('',#4453,#954);
#608=LINE('',#4455,#955);
#609=LINE('',#4457,#956);
#610=LINE('',#4458,#957);
#611=LINE('',#4461,#958);
#612=LINE('',#4463,#959);
#613=LINE('',#4465,#960);
#614=LINE('',#4466,#961);
#615=LINE('',#4469,#962);
#616=LINE('',#4471,#963);
#617=LINE('',#4473,#964);
#618=LINE('',#4474,#965);
#619=LINE('',#4477,#966);
#620=LINE('',#4479,#967);
#621=LINE('',#4481,#968);
#622=LINE('',#4482,#969);
#623=LINE('',#4485,#970);
#624=LINE('',#4487,#971);
#625=LINE('',#4489,#972);
#626=LINE('',#4490,#973);
#627=LINE('',#4493,#974);
#628=LINE('',#4495,#975);
#629=LINE('',#4497,#976);
#630=LINE('',#4498,#977);
#631=LINE('',#4501,#978);
#632=LINE('',#4503,#979);
#633=LINE('',#4505,#980);
#634=LINE('',#4506,#981);
#635=LINE('',#4509,#982);
#636=LINE('',#4511,#983);
#637=LINE('',#4513,#984);
#638=LINE('',#4514,#985);
#639=LINE('',#4517,#986);
#640=LINE('',#4519,#987);
#641=LINE('',#4521,#988);
#642=LINE('',#4522,#989);
#643=LINE('',#4525,#990);
#644=LINE('',#4527,#991);
#645=LINE('',#4529,#992);
#646=LINE('',#4530,#993);
#647=LINE('',#4533,#994);
#648=LINE('',#4535,#995);
#649=LINE('',#4537,#996);
#650=LINE('',#4538,#997);
#651=LINE('',#4541,#998);
#652=LINE('',#4543,#999);
#653=LINE('',#4545,#1000);
#654=LINE('',#4546,#1001);
#655=LINE('',#4549,#1002);
#656=LINE('',#4551,#1003);
#657=LINE('',#4553,#1004);
#658=LINE('',#4554,#1005);
#659=LINE('',#4557,#1006);
#660=LINE('',#4559,#1007);
#661=LINE('',#4561,#1008);
#662=LINE('',#4562,#1009);
#663=LINE('',#4565,#1010);
#664=LINE('',#4567,#1011);
#665=LINE('',#4569,#1012);
#666=LINE('',#4570,#1013);
#667=LINE('',#4573,#1014);
#668=LINE('',#4575,#1015);
#669=LINE('',#4577,#1016);
#670=LINE('',#4578,#1017);
#671=LINE('',#4581,#1018);
#672=LINE('',#4583,#1019);
#673=LINE('',#4584,#1020);
#674=LINE('',#4587,#1021);
#675=LINE('',#4588,#1022);
#676=LINE('',#4591,#1023);
#677=LINE('',#4593,#1024);
#678=LINE('',#4594,#1025);
#679=LINE('',#4597,#1026);
#680=LINE('',#4598,#1027);
#681=LINE('',#4601,#1028);
#682=LINE('',#4603,#1029);
#683=LINE('',#4604,#1030);
#684=LINE('',#4607,#1031);
#685=LINE('',#4608,#1032);
#686=LINE('',#4611,#1033);
#687=LINE('',#4613,#1034);
#688=LINE('',#4614,#1035);
#689=LINE('',#4617,#1036);
#690=LINE('',#4618,#1037);
#691=LINE('',#4621,#1038);
#692=LINE('',#4623,#1039);
#693=LINE('',#4624,#1040);
#694=LINE('',#4627,#1041);
#695=LINE('',#4628,#1042);
#696=LINE('',#4631,#1043);
#697=LINE('',#4633,#1044);
#698=LINE('',#4634,#1045);
#699=LINE('',#4637,#1046);
#700=LINE('',#4638,#1047);
#701=LINE('',#4641,#1048);
#702=LINE('',#4643,#1049);
#703=LINE('',#4644,#1050);
#704=LINE('',#4647,#1051);
#705=LINE('',#4648,#1052);
#706=LINE('',#4651,#1053);
#707=LINE('',#4653,#1054);
#708=LINE('',#4654,#1055);
#709=LINE('',#4657,#1056);
#710=LINE('',#4658,#1057);
#711=LINE('',#4661,#1058);
#712=LINE('',#4663,#1059);
#713=LINE('',#4664,#1060);
#714=LINE('',#4667,#1061);
#715=LINE('',#4668,#1062);
#716=LINE('',#4671,#1063);
#717=LINE('',#4673,#1064);
#718=LINE('',#4674,#1065);
#719=LINE('',#4677,#1066);
#720=LINE('',#4678,#1067);
#721=LINE('',#4681,#1068);
#722=LINE('',#4683,#1069);
#723=LINE('',#4684,#1070);
#724=LINE('',#4687,#1071);
#725=LINE('',#4688,#1072);
#726=LINE('',#4691,#1073);
#727=LINE('',#4693,#1074);
#728=LINE('',#4694,#1075);
#729=LINE('',#4697,#1076);
#730=LINE('',#4698,#1077);
#731=LINE('',#4701,#1078);
#732=LINE('',#4703,#1079);
#733=LINE('',#4704,#1080);
#734=LINE('',#4707,#1081);
#735=LINE('',#4708,#1082);
#736=LINE('',#4711,#1083);
#737=LINE('',#4713,#1084);
#738=LINE('',#4714,#1085);
#739=LINE('',#4717,#1086);
#740=LINE('',#4718,#1087);
#741=LINE('',#4721,#1088);
#742=LINE('',#4723,#1089);
#743=LINE('',#4724,#1090);
#744=LINE('',#4727,#1091);
#745=LINE('',#4728,#1092);
#746=LINE('',#4731,#1093);
#747=LINE('',#4733,#1094);
#748=LINE('',#4734,#1095);
#749=LINE('',#4737,#1096);
#750=LINE('',#4738,#1097);
#751=LINE('',#4741,#1098);
#752=LINE('',#4743,#1099);
#753=LINE('',#4744,#1100);
#754=LINE('',#4747,#1101);
#755=LINE('',#4748,#1102);
#756=LINE('',#4751,#1103);
#757=LINE('',#4752,#1104);
#758=LINE('',#4754,#1105);
#759=LINE('',#4757,#1106);
#760=LINE('',#4758,#1107);
#761=LINE('',#4760,#1108);
#762=LINE('',#4763,#1109);
#763=LINE('',#4764,#1110);
#764=LINE('',#4766,#1111);
#765=LINE('',#4769,#1112);
#766=LINE('',#4770,#1113);
#767=LINE('',#4772,#1114);
#768=LINE('',#4775,#1115);
#769=LINE('',#4776,#1116);
#770=LINE('',#4778,#1117);
#771=LINE('',#4781,#1118);
#772=LINE('',#4782,#1119);
#773=LINE('',#4784,#1120);
#774=LINE('',#4787,#1121);
#775=LINE('',#4788,#1122);
#776=LINE('',#4790,#1123);
#777=LINE('',#4793,#1124);
#778=LINE('',#4794,#1125);
#779=LINE('',#4796,#1126);
#780=LINE('',#4799,#1127);
#781=LINE('',#4800,#1128);
#782=LINE('',#4802,#1129);
#783=LINE('',#4805,#1130);
#784=LINE('',#4806,#1131);
#785=LINE('',#4808,#1132);
#786=LINE('',#4811,#1133);
#787=LINE('',#4812,#1134);
#788=LINE('',#4814,#1135);
#789=LINE('',#4817,#1136);
#790=LINE('',#4818,#1137);
#791=LINE('',#4820,#1138);
#792=LINE('',#4823,#1139);
#793=LINE('',#4824,#1140);
#794=LINE('',#4826,#1141);
#795=LINE('',#4829,#1142);
#796=LINE('',#4830,#1143);
#797=LINE('',#4832,#1144);
#798=LINE('',#4835,#1145);
#799=LINE('',#4836,#1146);
#800=LINE('',#4838,#1147);
#801=LINE('',#4841,#1148);
#802=LINE('',#4842,#1149);
#803=LINE('',#4844,#1150);
#804=LINE('',#4847,#1151);
#805=LINE('',#4851,#1152);
#806=LINE('',#4855,#1153);
#807=LINE('',#4859,#1154);
#808=LINE('',#4863,#1155);
#809=LINE('',#4864,#1156);
#810=LINE('',#4866,#1157);
#811=VECTOR('',#3255,10.);
#812=VECTOR('',#3258,10.);
#813=VECTOR('',#3261,10.);
#814=VECTOR('',#3264,10.);
#815=VECTOR('',#3265,10.);
#816=VECTOR('',#3266,10.);
#817=VECTOR('',#3267,10.);
#818=VECTOR('',#3268,10.);
#819=VECTOR('',#3271,10.);
#820=VECTOR('',#3272,10.);
#821=VECTOR('',#3273,10.);
#822=VECTOR('',#3274,10.);
#823=VECTOR('',#3277,10.);
#824=VECTOR('',#3278,10.);
#825=VECTOR('',#3279,10.);
#826=VECTOR('',#3280,10.);
#827=VECTOR('',#3281,10.);
#828=VECTOR('',#3282,10.);
#829=VECTOR('',#3283,10.);
#830=VECTOR('',#3284,10.);
#831=VECTOR('',#3285,10.);
#832=VECTOR('',#3286,10.);
#833=VECTOR('',#3289,10.);
#834=VECTOR('',#3290,10.);
#835=VECTOR('',#3291,10.);
#836=VECTOR('',#3294,10.);
#837=VECTOR('',#3297,10.);
#838=VECTOR('',#3300,10.);
#839=VECTOR('',#3301,10.);
#840=VECTOR('',#3302,10.);
#841=VECTOR('',#3303,10.);
#842=VECTOR('',#3304,10.);
#843=VECTOR('',#3305,10.);
#844=VECTOR('',#3306,10.);
#845=VECTOR('',#3309,10.);
#846=VECTOR('',#3310,10.);
#847=VECTOR('',#3313,10.);
#848=VECTOR('',#3314,10.);
#849=VECTOR('',#3315,10.);
#850=VECTOR('',#3318,10.);
#851=VECTOR('',#3319,10.);
#852=VECTOR('',#3320,10.);
#853=VECTOR('',#3323,10.);
#854=VECTOR('',#3324,10.);
#855=VECTOR('',#3325,10.);
#856=VECTOR('',#3328,10.);
#857=VECTOR('',#3329,10.);
#858=VECTOR('',#3330,10.);
#859=VECTOR('',#3331,10.);
#860=VECTOR('',#3332,10.);
#861=VECTOR('',#3333,10.);
#862=VECTOR('',#3336,10.);
#863=VECTOR('',#3347,10.);
#864=VECTOR('',#3348,10.);
#865=VECTOR('',#3349,10.);
#866=VECTOR('',#3350,10.);
#867=VECTOR('',#3353,10.);
#868=VECTOR('',#3354,10.);
#869=VECTOR('',#3355,10.);
#870=VECTOR('',#3356,10.);
#871=VECTOR('',#3357,10.);
#872=VECTOR('',#3360,10.);
#873=VECTOR('',#3361,10.);
#874=VECTOR('',#3362,10.);
#875=VECTOR('',#3363,10.);
#876=VECTOR('',#3366,10.);
#877=VECTOR('',#3367,10.);
#878=VECTOR('',#3386,10.);
#879=VECTOR('',#3393,10.);
#880=VECTOR('',#3396,10.);
#881=VECTOR('',#3401,10.);
#882=VECTOR('',#3402,10.);
#883=VECTOR('',#3405,10.);
#884=VECTOR('',#3406,10.);
#885=VECTOR('',#3407,10.);
#886=VECTOR('',#3412,3.);
#887=VECTOR('',#3415,10.);
#888=VECTOR('',#3418,10.);
#889=VECTOR('',#3423,10.);
#890=VECTOR('',#3426,10.);
#891=VECTOR('',#3431,3.);
#892=VECTOR('',#3434,10.);
#893=VECTOR('',#3437,10.);
#894=VECTOR('',#3442,10.);
#895=VECTOR('',#3445,10.);
#896=VECTOR('',#3450,3.);
#897=VECTOR('',#3453,10.);
#898=VECTOR('',#3456,10.);
#899=VECTOR('',#3463,10.);
#900=VECTOR('',#3464,10.);
#901=VECTOR('',#3471,10.);
#902=VECTOR('',#3472,10.);
#903=VECTOR('',#3473,10.);
#904=VECTOR('',#3480,10.);
#905=VECTOR('',#3481,10.);
#906=VECTOR('',#3482,10.);
#907=VECTOR('',#3487,10.);
#908=VECTOR('',#3490,10.);
#909=VECTOR('',#3493,10.);
#910=VECTOR('',#3494,10.);
#911=VECTOR('',#3495,10.);
#912=VECTOR('',#3496,10.);
#913=VECTOR('',#3499,10.);
#914=VECTOR('',#3500,10.);
#915=VECTOR('',#3501,10.);
#916=VECTOR('',#3504,10.);
#917=VECTOR('',#3505,10.);
#918=VECTOR('',#3506,10.);
#919=VECTOR('',#3507,10.);
#920=VECTOR('',#3508,10.);
#921=VECTOR('',#3509,10.);
#922=VECTOR('',#3510,10.);
#923=VECTOR('',#3511,10.);
#924=VECTOR('',#3512,10.);
#925=VECTOR('',#3513,10.);
#926=VECTOR('',#3514,10.);
#927=VECTOR('',#3515,10.);
#928=VECTOR('',#3516,10.);
#929=VECTOR('',#3517,10.);
#930=VECTOR('',#3518,10.);
#931=VECTOR('',#3521,10.);
#932=VECTOR('',#3522,10.);
#933=VECTOR('',#3557,10.);
#934=VECTOR('',#3568,10.);
#935=VECTOR('',#3579,10.);
#936=VECTOR('',#3582,10.);
#937=VECTOR('',#3589,10.);
#938=VECTOR('',#3590,10.);
#939=VECTOR('',#3593,10.);
#940=VECTOR('',#3596,10.);
#941=VECTOR('',#3607,1.25);
#942=VECTOR('',#3614,1.25);
#943=VECTOR('',#3619,1.25);
#944=VECTOR('',#3624,1.25);
#945=VECTOR('',#3631,3.00000000000001);
#946=VECTOR('',#3642,10.);
#947=VECTOR('',#3647,10.);
#948=VECTOR('',#3648,10.);
#949=VECTOR('',#3649,10.);
#950=VECTOR('',#3662,10.);
#951=VECTOR('',#3663,10.);
#952=VECTOR('',#3664,10.);
#953=VECTOR('',#3665,10.);
#954=VECTOR('',#3674,10.);
#955=VECTOR('',#3675,10.);
#956=VECTOR('',#3676,10.);
#957=VECTOR('',#3677,10.);
#958=VECTOR('',#3678,10.);
#959=VECTOR('',#3679,10.);
#960=VECTOR('',#3680,10.);
#961=VECTOR('',#3681,10.);
#962=VECTOR('',#3682,10.);
#963=VECTOR('',#3683,10.);
#964=VECTOR('',#3684,10.);
#965=VECTOR('',#3685,10.);
#966=VECTOR('',#3686,10.);
#967=VECTOR('',#3687,10.);
#968=VECTOR('',#3688,10.);
#969=VECTOR('',#3689,10.);
#970=VECTOR('',#3690,10.);
#971=VECTOR('',#3691,10.);
#972=VECTOR('',#3692,10.);
#973=VECTOR('',#3693,10.);
#974=VECTOR('',#3694,10.);
#975=VECTOR('',#3695,10.);
#976=VECTOR('',#3696,10.);
#977=VECTOR('',#3697,10.);
#978=VECTOR('',#3698,10.);
#979=VECTOR('',#3699,10.);
#980=VECTOR('',#3700,10.);
#981=VECTOR('',#3701,10.);
#982=VECTOR('',#3702,10.);
#983=VECTOR('',#3703,10.);
#984=VECTOR('',#3704,10.);
#985=VECTOR('',#3705,10.);
#986=VECTOR('',#3706,10.);
#987=VECTOR('',#3707,10.);
#988=VECTOR('',#3708,10.);
#989=VECTOR('',#3709,10.);
#990=VECTOR('',#3710,10.);
#991=VECTOR('',#3711,10.);
#992=VECTOR('',#3712,10.);
#993=VECTOR('',#3713,10.);
#994=VECTOR('',#3714,10.);
#995=VECTOR('',#3715,10.);
#996=VECTOR('',#3716,10.);
#997=VECTOR('',#3717,10.);
#998=VECTOR('',#3718,10.);
#999=VECTOR('',#3719,10.);
#1000=VECTOR('',#3720,10.);
#1001=VECTOR('',#3721,10.);
#1002=VECTOR('',#3722,10.);
#1003=VECTOR('',#3723,10.);
#1004=VECTOR('',#3724,10.);
#1005=VECTOR('',#3725,10.);
#1006=VECTOR('',#3726,10.);
#1007=VECTOR('',#3727,10.);
#1008=VECTOR('',#3728,10.);
#1009=VECTOR('',#3729,10.);
#1010=VECTOR('',#3730,10.);
#1011=VECTOR('',#3731,10.);
#1012=VECTOR('',#3732,10.);
#1013=VECTOR('',#3733,10.);
#1014=VECTOR('',#3734,10.);
#1015=VECTOR('',#3735,10.);
#1016=VECTOR('',#3736,10.);
#1017=VECTOR('',#3737,10.);
#1018=VECTOR('',#3740,10.);
#1019=VECTOR('',#3741,10.);
#1020=VECTOR('',#3742,10.);
#1021=VECTOR('',#3745,10.);
#1022=VECTOR('',#3746,10.);
#1023=VECTOR('',#3749,10.);
#1024=VECTOR('',#3750,10.);
#1025=VECTOR('',#3751,10.);
#1026=VECTOR('',#3754,10.);
#1027=VECTOR('',#3755,10.);
#1028=VECTOR('',#3758,10.);
#1029=VECTOR('',#3759,10.);
#1030=VECTOR('',#3760,10.);
#1031=VECTOR('',#3763,10.);
#1032=VECTOR('',#3764,10.);
#1033=VECTOR('',#3767,10.);
#1034=VECTOR('',#3768,10.);
#1035=VECTOR('',#3769,10.);
#1036=VECTOR('',#3772,10.);
#1037=VECTOR('',#3773,10.);
#1038=VECTOR('',#3776,10.);
#1039=VECTOR('',#3777,10.);
#1040=VECTOR('',#3778,10.);
#1041=VECTOR('',#3781,10.);
#1042=VECTOR('',#3782,10.);
#1043=VECTOR('',#3785,10.);
#1044=VECTOR('',#3786,10.);
#1045=VECTOR('',#3787,10.);
#1046=VECTOR('',#3790,10.);
#1047=VECTOR('',#3791,10.);
#1048=VECTOR('',#3794,10.);
#1049=VECTOR('',#3795,10.);
#1050=VECTOR('',#3796,10.);
#1051=VECTOR('',#3799,10.);
#1052=VECTOR('',#3800,10.);
#1053=VECTOR('',#3803,10.);
#1054=VECTOR('',#3804,10.);
#1055=VECTOR('',#3805,10.);
#1056=VECTOR('',#3808,10.);
#1057=VECTOR('',#3809,10.);
#1058=VECTOR('',#3812,10.);
#1059=VECTOR('',#3813,10.);
#1060=VECTOR('',#3814,10.);
#1061=VECTOR('',#3817,10.);
#1062=VECTOR('',#3818,10.);
#1063=VECTOR('',#3821,10.);
#1064=VECTOR('',#3822,10.);
#1065=VECTOR('',#3823,10.);
#1066=VECTOR('',#3826,10.);
#1067=VECTOR('',#3827,10.);
#1068=VECTOR('',#3830,10.);
#1069=VECTOR('',#3831,10.);
#1070=VECTOR('',#3832,10.);
#1071=VECTOR('',#3835,10.);
#1072=VECTOR('',#3836,10.);
#1073=VECTOR('',#3839,10.);
#1074=VECTOR('',#3840,10.);
#1075=VECTOR('',#3841,10.);
#1076=VECTOR('',#3844,10.);
#1077=VECTOR('',#3845,10.);
#1078=VECTOR('',#3848,10.);
#1079=VECTOR('',#3849,10.);
#1080=VECTOR('',#3850,10.);
#1081=VECTOR('',#3853,10.);
#1082=VECTOR('',#3854,10.);
#1083=VECTOR('',#3857,10.);
#1084=VECTOR('',#3858,10.);
#1085=VECTOR('',#3859,10.);
#1086=VECTOR('',#3862,10.);
#1087=VECTOR('',#3863,10.);
#1088=VECTOR('',#3866,10.);
#1089=VECTOR('',#3867,10.);
#1090=VECTOR('',#3868,10.);
#1091=VECTOR('',#3871,10.);
#1092=VECTOR('',#3872,10.);
#1093=VECTOR('',#3875,10.);
#1094=VECTOR('',#3876,10.);
#1095=VECTOR('',#3877,10.);
#1096=VECTOR('',#3880,10.);
#1097=VECTOR('',#3881,10.);
#1098=VECTOR('',#3884,10.);
#1099=VECTOR('',#3885,10.);
#1100=VECTOR('',#3886,10.);
#1101=VECTOR('',#3889,10.);
#1102=VECTOR('',#3890,10.);
#1103=VECTOR('',#3893,10.);
#1104=VECTOR('',#3894,10.);
#1105=VECTOR('',#3897,10.);
#1106=VECTOR('',#3900,10.);
#1107=VECTOR('',#3901,10.);
#1108=VECTOR('',#3904,10.);
#1109=VECTOR('',#3907,10.);
#1110=VECTOR('',#3908,10.);
#1111=VECTOR('',#3911,10.);
#1112=VECTOR('',#3914,10.);
#1113=VECTOR('',#3915,10.);
#1114=VECTOR('',#3918,10.);
#1115=VECTOR('',#3921,10.);
#1116=VECTOR('',#3922,10.);
#1117=VECTOR('',#3925,10.);
#1118=VECTOR('',#3928,10.);
#1119=VECTOR('',#3929,10.);
#1120=VECTOR('',#3932,10.);
#1121=VECTOR('',#3935,10.);
#1122=VECTOR('',#3936,10.);
#1123=VECTOR('',#3939,10.);
#1124=VECTOR('',#3942,10.);
#1125=VECTOR('',#3943,10.);
#1126=VECTOR('',#3946,10.);
#1127=VECTOR('',#3949,10.);
#1128=VECTOR('',#3950,10.);
#1129=VECTOR('',#3953,10.);
#1130=VECTOR('',#3956,10.);
#1131=VECTOR('',#3957,10.);
#1132=VECTOR('',#3960,10.);
#1133=VECTOR('',#3963,10.);
#1134=VECTOR('',#3964,10.);
#1135=VECTOR('',#3967,10.);
#1136=VECTOR('',#3970,10.);
#1137=VECTOR('',#3971,10.);
#1138=VECTOR('',#3974,10.);
#1139=VECTOR('',#3977,10.);
#1140=VECTOR('',#3978,10.);
#1141=VECTOR('',#3981,10.);
#1142=VECTOR('',#3984,10.);
#1143=VECTOR('',#3985,10.);
#1144=VECTOR('',#3988,10.);
#1145=VECTOR('',#3991,10.);
#1146=VECTOR('',#3992,10.);
#1147=VECTOR('',#3995,10.);
#1148=VECTOR('',#3998,10.);
#1149=VECTOR('',#3999,10.);
#1150=VECTOR('',#4002,10.);
#1151=VECTOR('',#4005,1.7);
#1152=VECTOR('',#4010,1.7);
#1153=VECTOR('',#4015,1.7);
#1154=VECTOR('',#4020,1.7);
#1155=VECTOR('',#4025,10.);
#1156=VECTOR('',#4026,10.);
#1157=VECTOR('',#4029,10.);
#1158=CIRCLE('',#3027,2.);
#1159=CIRCLE('',#3028,2.);
#1160=CIRCLE('',#3029,2.);
#1161=CIRCLE('',#3030,2.);
#1162=CIRCLE('',#3044,1.99999999999999);
#1163=CIRCLE('',#3046,1.99999999999999);
#1164=CIRCLE('',#3052,3.);
#1165=CIRCLE('',#3053,3.);
#1166=CIRCLE('',#3054,3.);
#1167=CIRCLE('',#3056,3.);
#1168=CIRCLE('',#3057,3.);
#1169=CIRCLE('',#3059,3.);
#1170=CIRCLE('',#3060,3.);
#1171=CIRCLE('',#3062,3.);
#1172=CIRCLE('',#3064,3.);
#1173=CIRCLE('',#3068,3.);
#1174=CIRCLE('',#3069,3.);
#1175=CIRCLE('',#3070,3.);
#1176=CIRCLE('',#3071,3.);
#1177=CIRCLE('',#3073,3.);
#1178=CIRCLE('',#3075,3.);
#1179=CIRCLE('',#3076,3.);
#1180=CIRCLE('',#3077,3.);
#1181=CIRCLE('',#3078,3.);
#1182=CIRCLE('',#3080,3.);
#1183=CIRCLE('',#3082,3.);
#1184=CIRCLE('',#3083,3.);
#1185=CIRCLE('',#3084,3.);
#1186=CIRCLE('',#3085,3.);
#1187=CIRCLE('',#3087,1.25);
#1188=CIRCLE('',#3088,1.25);
#1189=CIRCLE('',#3090,1.25);
#1190=CIRCLE('',#3091,1.25);
#1191=CIRCLE('',#3093,1.25);
#1192=CIRCLE('',#3094,1.25);
#1193=CIRCLE('',#3102,1.25);
#1194=CIRCLE('',#3104,1.25);
#1195=CIRCLE('',#3106,1.25);
#1196=CIRCLE('',#3109,3.00000000000001);
#1197=CIRCLE('',#3111,2.);
#1198=CIRCLE('',#3112,2.);
#1199=CIRCLE('',#3113,1.99999999999999);
#1200=CIRCLE('',#3115,2.);
#1201=CIRCLE('',#3116,1.99999999999999);
#1202=CIRCLE('',#3119,2.);
#1203=CIRCLE('',#3120,2.);
#1204=CIRCLE('',#3121,2.);
#1205=CIRCLE('',#3125,2.);
#1206=CIRCLE('',#3126,2.);
#1207=CIRCLE('',#3138,1.25);
#1208=CIRCLE('',#3139,1.25);
#1209=CIRCLE('',#3142,1.25);
#1210=CIRCLE('',#3144,1.25);
#1211=CIRCLE('',#3146,1.25);
#1212=CIRCLE('',#3148,3.00000000000001);
#1213=CIRCLE('',#3154,3.);
#1214=CIRCLE('',#3157,3.);
#1215=CIRCLE('',#3162,1.7);
#1216=CIRCLE('',#3163,1.7);
#1217=CIRCLE('',#3164,1.7);
#1218=CIRCLE('',#3165,1.7);
#1219=CIRCLE('',#3233,1.7);
#1220=CIRCLE('',#3235,1.7);
#1221=CIRCLE('',#3237,1.7);
#1222=CIRCLE('',#3239,1.7);
#1223=VERTEX_POINT('',#4040);
#1224=VERTEX_POINT('',#4041);
#1225=VERTEX_POINT('',#4043);
#1226=VERTEX_POINT('',#4045);
#1227=VERTEX_POINT('',#4047);
#1228=VERTEX_POINT('',#4049);
#1229=VERTEX_POINT('',#4051);
#1230=VERTEX_POINT('',#4053);
#1231=VERTEX_POINT('',#4056);
#1232=VERTEX_POINT('',#4057);
#1233=VERTEX_POINT('',#4059);
#1234=VERTEX_POINT('',#4061);
#1235=VERTEX_POINT('',#4065);
#1236=VERTEX_POINT('',#4066);
#1237=VERTEX_POINT('',#4068);
#1238=VERTEX_POINT('',#4070);
#1239=VERTEX_POINT('',#4074);
#1240=VERTEX_POINT('',#4076);
#1241=VERTEX_POINT('',#4079);
#1242=VERTEX_POINT('',#4081);
#1243=VERTEX_POINT('',#4084);
#1244=VERTEX_POINT('',#4085);
#1245=VERTEX_POINT('',#4087);
#1246=VERTEX_POINT('',#4089);
#1247=VERTEX_POINT('',#4093);
#1248=VERTEX_POINT('',#4094);
#1249=VERTEX_POINT('',#4103);
#1250=VERTEX_POINT('',#4105);
#1251=VERTEX_POINT('',#4108);
#1252=VERTEX_POINT('',#4109);
#1253=VERTEX_POINT('',#4111);
#1254=VERTEX_POINT('',#4113);
#1255=VERTEX_POINT('',#4117);
#1256=VERTEX_POINT('',#4121);
#1257=VERTEX_POINT('',#4123);
#1258=VERTEX_POINT('',#4127);
#1259=VERTEX_POINT('',#4129);
#1260=VERTEX_POINT('',#4133);
#1261=VERTEX_POINT('',#4135);
#1262=VERTEX_POINT('',#4139);
#1263=VERTEX_POINT('',#4142);
#1264=VERTEX_POINT('',#4143);
#1265=VERTEX_POINT('',#4145);
#1266=VERTEX_POINT('',#4147);
#1267=VERTEX_POINT('',#4157);
#1268=VERTEX_POINT('',#4158);
#1269=VERTEX_POINT('',#4160);
#1270=VERTEX_POINT('',#4162);
#1271=VERTEX_POINT('',#4166);
#1272=VERTEX_POINT('',#4167);
#1273=VERTEX_POINT('',#4170);
#1274=VERTEX_POINT('',#4172);
#1275=VERTEX_POINT('',#4176);
#1276=VERTEX_POINT('',#4177);
#1277=VERTEX_POINT('',#4179);
#1278=VERTEX_POINT('',#4181);
#1279=VERTEX_POINT('',#4189);
#1280=VERTEX_POINT('',#4196);
#1281=VERTEX_POINT('',#4197);
#1282=VERTEX_POINT('',#4199);
#1283=VERTEX_POINT('',#4203);
#1284=VERTEX_POINT('',#4207);
#1285=VERTEX_POINT('',#4214);
#1286=VERTEX_POINT('',#4216);
#1287=VERTEX_POINT('',#4220);
#1288=VERTEX_POINT('',#4223);
#1289=VERTEX_POINT('',#4225);
#1290=VERTEX_POINT('',#4227);
#1291=VERTEX_POINT('',#4229);
#1292=VERTEX_POINT('',#4233);
#1293=VERTEX_POINT('',#4235);
#1294=VERTEX_POINT('',#4239);
#1295=VERTEX_POINT('',#4242);
#1296=VERTEX_POINT('',#4244);
#1297=VERTEX_POINT('',#4246);
#1298=VERTEX_POINT('',#4248);
#1299=VERTEX_POINT('',#4252);
#1300=VERTEX_POINT('',#4254);
#1301=VERTEX_POINT('',#4258);
#1302=VERTEX_POINT('',#4261);
#1303=VERTEX_POINT('',#4263);
#1304=VERTEX_POINT('',#4265);
#1305=VERTEX_POINT('',#4267);
#1306=VERTEX_POINT('',#4271);
#1307=VERTEX_POINT('',#4272);
#1308=VERTEX_POINT('',#4275);
#1309=VERTEX_POINT('',#4279);
#1310=VERTEX_POINT('',#4280);
#1311=VERTEX_POINT('',#4284);
#1312=VERTEX_POINT('',#4288);
#1313=VERTEX_POINT('',#4289);
#1314=VERTEX_POINT('',#4293);
#1315=VERTEX_POINT('',#4301);
#1316=VERTEX_POINT('',#4302);
#1317=VERTEX_POINT('',#4304);
#1318=VERTEX_POINT('',#4306);
#1319=VERTEX_POINT('',#4310);
#1320=VERTEX_POINT('',#4312);
#1321=VERTEX_POINT('',#4316);
#1322=VERTEX_POINT('',#4318);
#1323=VERTEX_POINT('',#4320);
#1324=VERTEX_POINT('',#4324);
#1325=VERTEX_POINT('',#4326);
#1326=VERTEX_POINT('',#4330);
#1327=VERTEX_POINT('',#4332);
#1328=VERTEX_POINT('',#4336);
#1329=VERTEX_POINT('',#4350);
#1330=VERTEX_POINT('',#4354);
#1331=VERTEX_POINT('',#4358);
#1332=VERTEX_POINT('',#4364);
#1333=VERTEX_POINT('',#4372);
#1334=VERTEX_POINT('',#4392);
#1335=VERTEX_POINT('',#4394);
#1336=VERTEX_POINT('',#4399);
#1337=VERTEX_POINT('',#4403);
#1338=VERTEX_POINT('',#4407);
#1339=VERTEX_POINT('',#4411);
#1340=VERTEX_POINT('',#4419);
#1341=VERTEX_POINT('',#4420);
#1342=VERTEX_POINT('',#4424);
#1343=VERTEX_POINT('',#4426);
#1344=VERTEX_POINT('',#4435);
#1345=VERTEX_POINT('',#4436);
#1346=VERTEX_POINT('',#4438);
#1347=VERTEX_POINT('',#4440);
#1348=VERTEX_POINT('',#4443);
#1349=VERTEX_POINT('',#4445);
#1350=VERTEX_POINT('',#4447);
#1351=VERTEX_POINT('',#4449);
#1352=VERTEX_POINT('',#4451);
#1353=VERTEX_POINT('',#4452);
#1354=VERTEX_POINT('',#4454);
#1355=VERTEX_POINT('',#4456);
#1356=VERTEX_POINT('',#4459);
#1357=VERTEX_POINT('',#4460);
#1358=VERTEX_POINT('',#4462);
#1359=VERTEX_POINT('',#4464);
#1360=VERTEX_POINT('',#4467);
#1361=VERTEX_POINT('',#4468);
#1362=VERTEX_POINT('',#4470);
#1363=VERTEX_POINT('',#4472);
#1364=VERTEX_POINT('',#4475);
#1365=VERTEX_POINT('',#4476);
#1366=VERTEX_POINT('',#4478);
#1367=VERTEX_POINT('',#4480);
#1368=VERTEX_POINT('',#4483);
#1369=VERTEX_POINT('',#4484);
#1370=VERTEX_POINT('',#4486);
#1371=VERTEX_POINT('',#4488);
#1372=VERTEX_POINT('',#4491);
#1373=VERTEX_POINT('',#4492);
#1374=VERTEX_POINT('',#4494);
#1375=VERTEX_POINT('',#4496);
#1376=VERTEX_POINT('',#4499);
#1377=VERTEX_POINT('',#4500);
#1378=VERTEX_POINT('',#4502);
#1379=VERTEX_POINT('',#4504);
#1380=VERTEX_POINT('',#4507);
#1381=VERTEX_POINT('',#4508);
#1382=VERTEX_POINT('',#4510);
#1383=VERTEX_POINT('',#4512);
#1384=VERTEX_POINT('',#4515);
#1385=VERTEX_POINT('',#4516);
#1386=VERTEX_POINT('',#4518);
#1387=VERTEX_POINT('',#4520);
#1388=VERTEX_POINT('',#4523);
#1389=VERTEX_POINT('',#4524);
#1390=VERTEX_POINT('',#4526);
#1391=VERTEX_POINT('',#4528);
#1392=VERTEX_POINT('',#4531);
#1393=VERTEX_POINT('',#4532);
#1394=VERTEX_POINT('',#4534);
#1395=VERTEX_POINT('',#4536);
#1396=VERTEX_POINT('',#4539);
#1397=VERTEX_POINT('',#4540);
#1398=VERTEX_POINT('',#4542);
#1399=VERTEX_POINT('',#4544);
#1400=VERTEX_POINT('',#4547);
#1401=VERTEX_POINT('',#4548);
#1402=VERTEX_POINT('',#4550);
#1403=VERTEX_POINT('',#4552);
#1404=VERTEX_POINT('',#4555);
#1405=VERTEX_POINT('',#4556);
#1406=VERTEX_POINT('',#4558);
#1407=VERTEX_POINT('',#4560);
#1408=VERTEX_POINT('',#4563);
#1409=VERTEX_POINT('',#4564);
#1410=VERTEX_POINT('',#4566);
#1411=VERTEX_POINT('',#4568);
#1412=VERTEX_POINT('',#4571);
#1413=VERTEX_POINT('',#4572);
#1414=VERTEX_POINT('',#4574);
#1415=VERTEX_POINT('',#4576);
#1416=VERTEX_POINT('',#4580);
#1417=VERTEX_POINT('',#4582);
#1418=VERTEX_POINT('',#4586);
#1419=VERTEX_POINT('',#4590);
#1420=VERTEX_POINT('',#4592);
#1421=VERTEX_POINT('',#4596);
#1422=VERTEX_POINT('',#4600);
#1423=VERTEX_POINT('',#4602);
#1424=VERTEX_POINT('',#4606);
#1425=VERTEX_POINT('',#4610);
#1426=VERTEX_POINT('',#4612);
#1427=VERTEX_POINT('',#4616);
#1428=VERTEX_POINT('',#4620);
#1429=VERTEX_POINT('',#4622);
#1430=VERTEX_POINT('',#4626);
#1431=VERTEX_POINT('',#4630);
#1432=VERTEX_POINT('',#4632);
#1433=VERTEX_POINT('',#4636);
#1434=VERTEX_POINT('',#4640);
#1435=VERTEX_POINT('',#4642);
#1436=VERTEX_POINT('',#4646);
#1437=VERTEX_POINT('',#4650);
#1438=VERTEX_POINT('',#4652);
#1439=VERTEX_POINT('',#4656);
#1440=VERTEX_POINT('',#4660);
#1441=VERTEX_POINT('',#4662);
#1442=VERTEX_POINT('',#4666);
#1443=VERTEX_POINT('',#4670);
#1444=VERTEX_POINT('',#4672);
#1445=VERTEX_POINT('',#4676);
#1446=VERTEX_POINT('',#4680);
#1447=VERTEX_POINT('',#4682);
#1448=VERTEX_POINT('',#4686);
#1449=VERTEX_POINT('',#4690);
#1450=VERTEX_POINT('',#4692);
#1451=VERTEX_POINT('',#4696);
#1452=VERTEX_POINT('',#4700);
#1453=VERTEX_POINT('',#4702);
#1454=VERTEX_POINT('',#4706);
#1455=VERTEX_POINT('',#4710);
#1456=VERTEX_POINT('',#4712);
#1457=VERTEX_POINT('',#4716);
#1458=VERTEX_POINT('',#4720);
#1459=VERTEX_POINT('',#4722);
#1460=VERTEX_POINT('',#4726);
#1461=VERTEX_POINT('',#4730);
#1462=VERTEX_POINT('',#4732);
#1463=VERTEX_POINT('',#4736);
#1464=VERTEX_POINT('',#4740);
#1465=VERTEX_POINT('',#4742);
#1466=VERTEX_POINT('',#4746);
#1467=VERTEX_POINT('',#4750);
#1468=VERTEX_POINT('',#4756);
#1469=VERTEX_POINT('',#4762);
#1470=VERTEX_POINT('',#4768);
#1471=VERTEX_POINT('',#4774);
#1472=VERTEX_POINT('',#4780);
#1473=VERTEX_POINT('',#4786);
#1474=VERTEX_POINT('',#4792);
#1475=VERTEX_POINT('',#4798);
#1476=VERTEX_POINT('',#4804);
#1477=VERTEX_POINT('',#4810);
#1478=VERTEX_POINT('',#4816);
#1479=VERTEX_POINT('',#4822);
#1480=VERTEX_POINT('',#4828);
#1481=VERTEX_POINT('',#4834);
#1482=VERTEX_POINT('',#4840);
#1483=VERTEX_POINT('',#4846);
#1484=VERTEX_POINT('',#4850);
#1485=VERTEX_POINT('',#4854);
#1486=VERTEX_POINT('',#4858);
#1487=VERTEX_POINT('',#4862);
#1488=EDGE_CURVE('',#1223,#1224,#1158,.T.);
#1489=EDGE_CURVE('',#1223,#1225,#464,.T.);
#1490=EDGE_CURVE('',#1226,#1225,#1159,.T.);
#1491=EDGE_CURVE('',#1226,#1227,#465,.T.);
#1492=EDGE_CURVE('',#1228,#1227,#1160,.T.);
#1493=EDGE_CURVE('',#1228,#1229,#466,.T.);
#1494=EDGE_CURVE('',#1230,#1229,#1161,.T.);
#1495=EDGE_CURVE('',#1230,#1224,#467,.T.);
#1496=EDGE_CURVE('',#1231,#1232,#468,.T.);
#1497=EDGE_CURVE('',#1232,#1233,#469,.T.);
#1498=EDGE_CURVE('',#1233,#1234,#470,.T.);
#1499=EDGE_CURVE('',#1234,#1231,#471,.T.);
#1500=EDGE_CURVE('',#1235,#1236,#472,.T.);
#1501=EDGE_CURVE('',#1237,#1235,#473,.T.);
#1502=EDGE_CURVE('',#1238,#1237,#474,.T.);
#1503=EDGE_CURVE('',#1236,#1238,#475,.T.);
#1504=EDGE_CURVE('',#1233,#1239,#476,.T.);
#1505=EDGE_CURVE('',#1240,#1239,#477,.T.);
#1506=EDGE_CURVE('',#1240,#1234,#478,.T.);
#1507=EDGE_CURVE('',#1241,#1238,#479,.T.);
#1508=EDGE_CURVE('',#1237,#1242,#480,.T.);
#1509=EDGE_CURVE('',#1242,#1241,#481,.T.);
#1510=EDGE_CURVE('',#1243,#1244,#482,.T.);
#1511=EDGE_CURVE('',#1244,#1245,#483,.T.);
#1512=EDGE_CURVE('',#1245,#1246,#484,.T.);
#1513=EDGE_CURVE('',#1246,#1243,#485,.T.);
#1514=EDGE_CURVE('',#1247,#1248,#486,.T.);
#1515=EDGE_CURVE('',#1241,#1247,#487,.T.);
#1516=EDGE_CURVE('',#1248,#1242,#488,.T.);
#1517=EDGE_CURVE('',#1248,#1235,#489,.T.);
#1518=EDGE_CURVE('',#1236,#1247,#490,.T.);
#1519=EDGE_CURVE('',#1229,#1249,#491,.T.);
#1520=EDGE_CURVE('',#1250,#1228,#492,.T.);
#1521=EDGE_CURVE('',#1249,#1250,#493,.T.);
#1522=EDGE_CURVE('',#1251,#1252,#494,.T.);
#1523=EDGE_CURVE('',#1252,#1253,#495,.T.);
#1524=EDGE_CURVE('',#1253,#1254,#496,.T.);
#1525=EDGE_CURVE('',#1254,#1251,#497,.T.);
#1526=EDGE_CURVE('',#1255,#1240,#498,.T.);
#1527=EDGE_CURVE('',#1255,#1231,#499,.T.);
#1528=EDGE_CURVE('',#1224,#1256,#500,.T.);
#1529=EDGE_CURVE('',#1257,#1230,#501,.T.);
#1530=EDGE_CURVE('',#1256,#1257,#502,.T.);
#1531=EDGE_CURVE('',#1227,#1258,#503,.T.);
#1532=EDGE_CURVE('',#1259,#1226,#504,.T.);
#1533=EDGE_CURVE('',#1258,#1259,#505,.T.);
#1534=EDGE_CURVE('',#1260,#1223,#506,.T.);
#1535=EDGE_CURVE('',#1261,#1260,#507,.T.);
#1536=EDGE_CURVE('',#1225,#1261,#508,.T.);
#1537=EDGE_CURVE('',#1262,#1232,#509,.T.);
#1538=EDGE_CURVE('',#1239,#1262,#510,.T.);
#1539=EDGE_CURVE('',#1263,#1264,#511,.T.);
#1540=EDGE_CURVE('',#1264,#1265,#512,.T.);
#1541=EDGE_CURVE('',#1265,#1266,#513,.T.);
#1542=EDGE_CURVE('',#1266,#1263,#514,.T.);
#1543=EDGE_CURVE('',#1262,#1255,#515,.T.);
#1544=EDGE_CURVE('',#1258,#1250,#1162,.F.);
#1545=EDGE_CURVE('',#1261,#1259,#1163,.F.);
#1546=EDGE_CURVE('',#1267,#1268,#516,.T.);
#1547=EDGE_CURVE('',#1269,#1267,#517,.T.);
#1548=EDGE_CURVE('',#1270,#1269,#518,.T.);
#1549=EDGE_CURVE('',#1270,#1268,#519,.T.);
#1550=EDGE_CURVE('',#1271,#1272,#520,.T.);
#1551=EDGE_CURVE('',#1271,#1266,#521,.T.);
#1552=EDGE_CURVE('',#1273,#1265,#522,.T.);
#1553=EDGE_CURVE('',#1274,#1273,#523,.T.);
#1554=EDGE_CURVE('',#1272,#1274,#524,.T.);
#1555=EDGE_CURVE('',#1275,#1276,#525,.T.);
#1556=EDGE_CURVE('',#1277,#1275,#526,.T.);
#1557=EDGE_CURVE('',#1278,#1277,#527,.T.);
#1558=EDGE_CURVE('',#1278,#1276,#528,.T.);
#1559=EDGE_CURVE('',#1263,#1270,#529,.T.);
#1560=EDGE_CURVE('',#1264,#1269,#530,.T.);
#1561=EDGE_CURVE('',#1273,#1275,#1164,.T.);
#1562=EDGE_CURVE('',#1279,#1267,#1165,.T.);
#1563=EDGE_CURVE('',#1277,#1279,#1166,.T.);
#1564=EDGE_CURVE('',#1276,#1271,#1167,.T.);
#1565=EDGE_CURVE('',#1268,#1278,#1168,.T.);
#1566=EDGE_CURVE('',#1280,#1281,#1169,.T.);
#1567=EDGE_CURVE('',#1282,#1280,#531,.T.);
#1568=EDGE_CURVE('',#1281,#1282,#1170,.T.);
#1569=EDGE_CURVE('',#1283,#1273,#1171,.T.);
#1570=EDGE_CURVE('',#1274,#1283,#532,.T.);
#1571=EDGE_CURVE('',#1284,#1272,#533,.T.);
#1572=EDGE_CURVE('',#1271,#1284,#1172,.T.);
#1573=EDGE_CURVE('',#1284,#1283,#534,.T.);
#1574=EDGE_CURVE('',#1284,#1272,#535,.T.);
#1575=EDGE_CURVE('',#1285,#1280,#536,.T.);
#1576=EDGE_CURVE('',#1285,#1286,#537,.T.);
#1577=EDGE_CURVE('',#1282,#1286,#538,.T.);
#1578=EDGE_CURVE('',#1287,#1287,#1173,.T.);
#1579=EDGE_CURVE('',#1287,#1281,#539,.T.);
#1580=EDGE_CURVE('',#1286,#1288,#1174,.T.);
#1581=EDGE_CURVE('',#1288,#1289,#540,.T.);
#1582=EDGE_CURVE('',#1290,#1289,#1175,.T.);
#1583=EDGE_CURVE('',#1290,#1291,#541,.T.);
#1584=EDGE_CURVE('',#1291,#1285,#1176,.T.);
#1585=EDGE_CURVE('',#1284,#1292,#542,.T.);
#1586=EDGE_CURVE('',#1293,#1292,#1177,.T.);
#1587=EDGE_CURVE('',#1293,#1276,#543,.T.);
#1588=EDGE_CURVE('',#1294,#1294,#1178,.T.);
#1589=EDGE_CURVE('',#1294,#1273,#544,.T.);
#1590=EDGE_CURVE('',#1276,#1295,#1179,.T.);
#1591=EDGE_CURVE('',#1295,#1296,#545,.T.);
#1592=EDGE_CURVE('',#1297,#1296,#1180,.T.);
#1593=EDGE_CURVE('',#1297,#1298,#546,.T.);
#1594=EDGE_CURVE('',#1298,#1284,#1181,.T.);
#1595=EDGE_CURVE('',#1278,#1299,#547,.T.);
#1596=EDGE_CURVE('',#1300,#1299,#1182,.T.);
#1597=EDGE_CURVE('',#1300,#1268,#548,.T.);
#1598=EDGE_CURVE('',#1301,#1301,#1183,.T.);
#1599=EDGE_CURVE('',#1301,#1279,#549,.T.);
#1600=EDGE_CURVE('',#1268,#1302,#1184,.T.);
#1601=EDGE_CURVE('',#1302,#1303,#550,.T.);
#1602=EDGE_CURVE('',#1304,#1303,#1185,.T.);
#1603=EDGE_CURVE('',#1304,#1305,#551,.T.);
#1604=EDGE_CURVE('',#1305,#1278,#1186,.T.);
#1605=EDGE_CURVE('',#1306,#1307,#1187,.T.);
#1606=EDGE_CURVE('',#1288,#1306,#552,.T.);
#1607=EDGE_CURVE('',#1308,#1291,#553,.T.);
#1608=EDGE_CURVE('',#1307,#1308,#1188,.T.);
#1609=EDGE_CURVE('',#1309,#1310,#1189,.T.);
#1610=EDGE_CURVE('',#1295,#1309,#554,.T.);
#1611=EDGE_CURVE('',#1272,#1276,#555,.T.);
#1612=EDGE_CURVE('',#1311,#1298,#556,.T.);
#1613=EDGE_CURVE('',#1310,#1311,#1190,.T.);
#1614=EDGE_CURVE('',#1312,#1313,#1191,.T.);
#1615=EDGE_CURVE('',#1302,#1312,#557,.T.);
#1616=EDGE_CURVE('',#1278,#1268,#558,.T.);
#1617=EDGE_CURVE('',#1314,#1305,#559,.T.);
#1618=EDGE_CURVE('',#1313,#1314,#1192,.T.);
#1619=EDGE_CURVE('',#1292,#1293,#560,.T.);
#1620=EDGE_CURVE('',#1299,#1300,#561,.T.);
#1621=EDGE_CURVE('',#1315,#1316,#562,.T.);
#1622=EDGE_CURVE('',#1317,#1315,#563,.T.);
#1623=EDGE_CURVE('',#1318,#1317,#564,.T.);
#1624=EDGE_CURVE('',#1318,#1316,#565,.T.);
#1625=EDGE_CURVE('',#1316,#1319,#566,.T.);
#1626=EDGE_CURVE('',#1320,#1318,#567,.T.);
#1627=EDGE_CURVE('',#1320,#1319,#568,.T.);
#1628=EDGE_CURVE('',#1303,#1321,#569,.T.);
#1629=EDGE_CURVE('',#1322,#1312,#570,.T.);
#1630=EDGE_CURVE('',#1323,#1322,#571,.T.);
#1631=EDGE_CURVE('',#1314,#1323,#572,.T.);
#1632=EDGE_CURVE('',#1296,#1304,#573,.T.);
#1633=EDGE_CURVE('',#1324,#1309,#574,.T.);
#1634=EDGE_CURVE('',#1325,#1324,#575,.T.);
#1635=EDGE_CURVE('',#1311,#1325,#576,.T.);
#1636=EDGE_CURVE('',#1289,#1297,#577,.T.);
#1637=EDGE_CURVE('',#1326,#1306,#578,.T.);
#1638=EDGE_CURVE('',#1327,#1326,#579,.T.);
#1639=EDGE_CURVE('',#1308,#1327,#580,.T.);
#1640=EDGE_CURVE('',#1319,#1290,#581,.T.);
#1641=EDGE_CURVE('',#1328,#1320,#582,.T.);
#1642=EDGE_CURVE('',#1328,#1321,#583,.T.);
#1643=EDGE_CURVE('',#1321,#1315,#584,.T.);
#1644=EDGE_CURVE('',#1317,#1328,#585,.T.);
#1645=EDGE_CURVE('',#1324,#1325,#1193,.T.);
#1646=EDGE_CURVE('',#1326,#1327,#1194,.T.);
#1647=EDGE_CURVE('',#1322,#1323,#1195,.T.);
#1648=EDGE_CURVE('',#1329,#1329,#1196,.T.);
#1649=EDGE_CURVE('',#1256,#1260,#1197,.F.);
#1650=EDGE_CURVE('',#1330,#1256,#1198,.F.);
#1651=EDGE_CURVE('',#1260,#1330,#1199,.F.);
#1652=EDGE_CURVE('',#1331,#1261,#1200,.F.);
#1653=EDGE_CURVE('',#1259,#1331,#1201,.F.);
#1654=EDGE_CURVE('',#1330,#1331,#586,.T.);
#1655=EDGE_CURVE('',#1332,#1249,#1202,.F.);
#1656=EDGE_CURVE('',#1257,#1332,#1203,.F.);
#1657=EDGE_CURVE('',#1249,#1257,#1204,.F.);
#1658=EDGE_CURVE('',#1332,#1330,#587,.T.);
#1659=EDGE_CURVE('',#1333,#1258,#1205,.F.);
#1660=EDGE_CURVE('',#1250,#1333,#1206,.F.);
#1661=EDGE_CURVE('',#1331,#1333,#588,.T.);
#1662=EDGE_CURVE('',#1333,#1332,#589,.T.);
#1663=EDGE_CURVE('',#1245,#1254,#590,.T.);
#1664=EDGE_CURVE('',#1246,#1253,#591,.T.);
#1665=EDGE_CURVE('',#1252,#1243,#592,.T.);
#1666=EDGE_CURVE('',#1251,#1244,#593,.T.);
#1667=EDGE_CURVE('',#1334,#1334,#1207,.T.);
#1668=EDGE_CURVE('',#1334,#1335,#594,.T.);
#1669=EDGE_CURVE('',#1335,#1335,#1208,.T.);
#1670=EDGE_CURVE('',#1310,#1336,#595,.T.);
#1671=EDGE_CURVE('',#1336,#1336,#1209,.T.);
#1672=EDGE_CURVE('',#1307,#1337,#596,.T.);
#1673=EDGE_CURVE('',#1337,#1337,#1210,.T.);
#1674=EDGE_CURVE('',#1313,#1338,#597,.T.);
#1675=EDGE_CURVE('',#1338,#1338,#1211,.T.);
#1676=EDGE_CURVE('',#1339,#1339,#1212,.T.);
#1677=EDGE_CURVE('',#1339,#1329,#598,.T.);
#1678=EDGE_CURVE('',#1340,#1341,#599,.T.);
#1679=EDGE_CURVE('',#1341,#1340,#1213,.T.);
#1680=EDGE_CURVE('',#1341,#1342,#600,.T.);
#1681=EDGE_CURVE('',#1343,#1340,#601,.T.);
#1682=EDGE_CURVE('',#1343,#1342,#602,.T.);
#1683=EDGE_CURVE('',#1342,#1343,#1214,.T.);
#1684=EDGE_CURVE('',#1344,#1345,#603,.T.);
#1685=EDGE_CURVE('',#1346,#1344,#604,.T.);
#1686=EDGE_CURVE('',#1347,#1346,#605,.T.);
#1687=EDGE_CURVE('',#1345,#1347,#606,.T.);
#1688=EDGE_CURVE('',#1348,#1348,#1215,.T.);
#1689=EDGE_CURVE('',#1349,#1349,#1216,.T.);
#1690=EDGE_CURVE('',#1350,#1350,#1217,.T.);
#1691=EDGE_CURVE('',#1351,#1351,#1218,.T.);
#1692=EDGE_CURVE('',#1352,#1353,#607,.T.);
#1693=EDGE_CURVE('',#1354,#1352,#608,.T.);
#1694=EDGE_CURVE('',#1355,#1354,#609,.T.);
#1695=EDGE_CURVE('',#1353,#1355,#610,.T.);
#1696=EDGE_CURVE('',#1356,#1357,#611,.T.);
#1697=EDGE_CURVE('',#1358,#1356,#612,.T.);
#1698=EDGE_CURVE('',#1359,#1358,#613,.T.);
#1699=EDGE_CURVE('',#1357,#1359,#614,.T.);
#1700=EDGE_CURVE('',#1360,#1361,#615,.T.);
#1701=EDGE_CURVE('',#1362,#1360,#616,.T.);
#1702=EDGE_CURVE('',#1363,#1362,#617,.T.);
#1703=EDGE_CURVE('',#1361,#1363,#618,.T.);
#1704=EDGE_CURVE('',#1364,#1365,#619,.T.);
#1705=EDGE_CURVE('',#1366,#1364,#620,.T.);
#1706=EDGE_CURVE('',#1367,#1366,#621,.T.);
#1707=EDGE_CURVE('',#1365,#1367,#622,.T.);
#1708=EDGE_CURVE('',#1368,#1369,#623,.T.);
#1709=EDGE_CURVE('',#1370,#1368,#624,.T.);
#1710=EDGE_CURVE('',#1371,#1370,#625,.T.);
#1711=EDGE_CURVE('',#1369,#1371,#626,.T.);
#1712=EDGE_CURVE('',#1372,#1373,#627,.T.);
#1713=EDGE_CURVE('',#1374,#1372,#628,.T.);
#1714=EDGE_CURVE('',#1375,#1374,#629,.T.);
#1715=EDGE_CURVE('',#1373,#1375,#630,.T.);
#1716=EDGE_CURVE('',#1376,#1377,#631,.T.);
#1717=EDGE_CURVE('',#1378,#1376,#632,.T.);
#1718=EDGE_CURVE('',#1379,#1378,#633,.T.);
#1719=EDGE_CURVE('',#1377,#1379,#634,.T.);
#1720=EDGE_CURVE('',#1380,#1381,#635,.T.);
#1721=EDGE_CURVE('',#1382,#1380,#636,.T.);
#1722=EDGE_CURVE('',#1383,#1382,#637,.T.);
#1723=EDGE_CURVE('',#1381,#1383,#638,.T.);
#1724=EDGE_CURVE('',#1384,#1385,#639,.T.);
#1725=EDGE_CURVE('',#1386,#1384,#640,.T.);
#1726=EDGE_CURVE('',#1387,#1386,#641,.T.);
#1727=EDGE_CURVE('',#1385,#1387,#642,.T.);
#1728=EDGE_CURVE('',#1388,#1389,#643,.T.);
#1729=EDGE_CURVE('',#1390,#1388,#644,.T.);
#1730=EDGE_CURVE('',#1391,#1390,#645,.T.);
#1731=EDGE_CURVE('',#1389,#1391,#646,.T.);
#1732=EDGE_CURVE('',#1392,#1393,#647,.T.);
#1733=EDGE_CURVE('',#1394,#1392,#648,.T.);
#1734=EDGE_CURVE('',#1395,#1394,#649,.T.);
#1735=EDGE_CURVE('',#1393,#1395,#650,.T.);
#1736=EDGE_CURVE('',#1396,#1397,#651,.T.);
#1737=EDGE_CURVE('',#1398,#1396,#652,.T.);
#1738=EDGE_CURVE('',#1399,#1398,#653,.T.);
#1739=EDGE_CURVE('',#1397,#1399,#654,.T.);
#1740=EDGE_CURVE('',#1400,#1401,#655,.T.);
#1741=EDGE_CURVE('',#1402,#1400,#656,.T.);
#1742=EDGE_CURVE('',#1403,#1402,#657,.T.);
#1743=EDGE_CURVE('',#1401,#1403,#658,.T.);
#1744=EDGE_CURVE('',#1404,#1405,#659,.T.);
#1745=EDGE_CURVE('',#1406,#1404,#660,.T.);
#1746=EDGE_CURVE('',#1407,#1406,#661,.T.);
#1747=EDGE_CURVE('',#1405,#1407,#662,.T.);
#1748=EDGE_CURVE('',#1408,#1409,#663,.T.);
#1749=EDGE_CURVE('',#1410,#1408,#664,.T.);
#1750=EDGE_CURVE('',#1411,#1410,#665,.T.);
#1751=EDGE_CURVE('',#1409,#1411,#666,.T.);
#1752=EDGE_CURVE('',#1412,#1413,#667,.T.);
#1753=EDGE_CURVE('',#1414,#1412,#668,.T.);
#1754=EDGE_CURVE('',#1415,#1414,#669,.T.);
#1755=EDGE_CURVE('',#1413,#1415,#670,.T.);
#1756=EDGE_CURVE('',#1412,#1416,#671,.T.);
#1757=EDGE_CURVE('',#1417,#1416,#672,.T.);
#1758=EDGE_CURVE('',#1414,#1417,#673,.T.);
#1759=EDGE_CURVE('',#1413,#1418,#674,.T.);
#1760=EDGE_CURVE('',#1416,#1418,#675,.T.);
#1761=EDGE_CURVE('',#1410,#1419,#676,.T.);
#1762=EDGE_CURVE('',#1420,#1419,#677,.T.);
#1763=EDGE_CURVE('',#1411,#1420,#678,.T.);
#1764=EDGE_CURVE('',#1408,#1421,#679,.T.);
#1765=EDGE_CURVE('',#1419,#1421,#680,.T.);
#1766=EDGE_CURVE('',#1406,#1422,#681,.T.);
#1767=EDGE_CURVE('',#1423,#1422,#682,.T.);
#1768=EDGE_CURVE('',#1407,#1423,#683,.T.);
#1769=EDGE_CURVE('',#1404,#1424,#684,.T.);
#1770=EDGE_CURVE('',#1422,#1424,#685,.T.);
#1771=EDGE_CURVE('',#1402,#1425,#686,.T.);
#1772=EDGE_CURVE('',#1426,#1425,#687,.T.);
#1773=EDGE_CURVE('',#1403,#1426,#688,.T.);
#1774=EDGE_CURVE('',#1400,#1427,#689,.T.);
#1775=EDGE_CURVE('',#1425,#1427,#690,.T.);
#1776=EDGE_CURVE('',#1398,#1428,#691,.T.);
#1777=EDGE_CURVE('',#1429,#1428,#692,.T.);
#1778=EDGE_CURVE('',#1399,#1429,#693,.T.);
#1779=EDGE_CURVE('',#1396,#1430,#694,.T.);
#1780=EDGE_CURVE('',#1428,#1430,#695,.T.);
#1781=EDGE_CURVE('',#1394,#1431,#696,.T.);
#1782=EDGE_CURVE('',#1432,#1431,#697,.T.);
#1783=EDGE_CURVE('',#1395,#1432,#698,.T.);
#1784=EDGE_CURVE('',#1392,#1433,#699,.T.);
#1785=EDGE_CURVE('',#1431,#1433,#700,.T.);
#1786=EDGE_CURVE('',#1390,#1434,#701,.T.);
#1787=EDGE_CURVE('',#1435,#1434,#702,.T.);
#1788=EDGE_CURVE('',#1391,#1435,#703,.T.);
#1789=EDGE_CURVE('',#1388,#1436,#704,.T.);
#1790=EDGE_CURVE('',#1434,#1436,#705,.T.);
#1791=EDGE_CURVE('',#1386,#1437,#706,.T.);
#1792=EDGE_CURVE('',#1438,#1437,#707,.T.);
#1793=EDGE_CURVE('',#1387,#1438,#708,.T.);
#1794=EDGE_CURVE('',#1384,#1439,#709,.T.);
#1795=EDGE_CURVE('',#1437,#1439,#710,.T.);
#1796=EDGE_CURVE('',#1382,#1440,#711,.T.);
#1797=EDGE_CURVE('',#1441,#1440,#712,.T.);
#1798=EDGE_CURVE('',#1383,#1441,#713,.T.);
#1799=EDGE_CURVE('',#1380,#1442,#714,.T.);
#1800=EDGE_CURVE('',#1440,#1442,#715,.T.);
#1801=EDGE_CURVE('',#1378,#1443,#716,.T.);
#1802=EDGE_CURVE('',#1444,#1443,#717,.T.);
#1803=EDGE_CURVE('',#1379,#1444,#718,.T.);
#1804=EDGE_CURVE('',#1376,#1445,#719,.T.);
#1805=EDGE_CURVE('',#1443,#1445,#720,.T.);
#1806=EDGE_CURVE('',#1374,#1446,#721,.T.);
#1807=EDGE_CURVE('',#1447,#1446,#722,.T.);
#1808=EDGE_CURVE('',#1375,#1447,#723,.T.);
#1809=EDGE_CURVE('',#1372,#1448,#724,.T.);
#1810=EDGE_CURVE('',#1446,#1448,#725,.T.);
#1811=EDGE_CURVE('',#1370,#1449,#726,.T.);
#1812=EDGE_CURVE('',#1450,#1449,#727,.T.);
#1813=EDGE_CURVE('',#1371,#1450,#728,.T.);
#1814=EDGE_CURVE('',#1368,#1451,#729,.T.);
#1815=EDGE_CURVE('',#1449,#1451,#730,.T.);
#1816=EDGE_CURVE('',#1366,#1452,#731,.T.);
#1817=EDGE_CURVE('',#1453,#1452,#732,.T.);
#1818=EDGE_CURVE('',#1367,#1453,#733,.T.);
#1819=EDGE_CURVE('',#1364,#1454,#734,.T.);
#1820=EDGE_CURVE('',#1452,#1454,#735,.T.);
#1821=EDGE_CURVE('',#1362,#1455,#736,.T.);
#1822=EDGE_CURVE('',#1456,#1455,#737,.T.);
#1823=EDGE_CURVE('',#1363,#1456,#738,.T.);
#1824=EDGE_CURVE('',#1360,#1457,#739,.T.);
#1825=EDGE_CURVE('',#1455,#1457,#740,.T.);
#1826=EDGE_CURVE('',#1358,#1458,#741,.T.);
#1827=EDGE_CURVE('',#1459,#1458,#742,.T.);
#1828=EDGE_CURVE('',#1359,#1459,#743,.T.);
#1829=EDGE_CURVE('',#1356,#1460,#744,.T.);
#1830=EDGE_CURVE('',#1458,#1460,#745,.T.);
#1831=EDGE_CURVE('',#1354,#1461,#746,.T.);
#1832=EDGE_CURVE('',#1462,#1461,#747,.T.);
#1833=EDGE_CURVE('',#1355,#1462,#748,.T.);
#1834=EDGE_CURVE('',#1352,#1463,#749,.T.);
#1835=EDGE_CURVE('',#1461,#1463,#750,.T.);
#1836=EDGE_CURVE('',#1347,#1464,#751,.T.);
#1837=EDGE_CURVE('',#1465,#1464,#752,.T.);
#1838=EDGE_CURVE('',#1345,#1465,#753,.T.);
#1839=EDGE_CURVE('',#1346,#1466,#754,.T.);
#1840=EDGE_CURVE('',#1464,#1466,#755,.T.);
#1841=EDGE_CURVE('',#1415,#1467,#756,.T.);
#1842=EDGE_CURVE('',#1418,#1467,#757,.T.);
#1843=EDGE_CURVE('',#1467,#1417,#758,.T.);
#1844=EDGE_CURVE('',#1353,#1468,#759,.T.);
#1845=EDGE_CURVE('',#1463,#1468,#760,.T.);
#1846=EDGE_CURVE('',#1468,#1462,#761,.T.);
#1847=EDGE_CURVE('',#1357,#1469,#762,.T.);
#1848=EDGE_CURVE('',#1460,#1469,#763,.T.);
#1849=EDGE_CURVE('',#1469,#1459,#764,.T.);
#1850=EDGE_CURVE('',#1409,#1470,#765,.T.);
#1851=EDGE_CURVE('',#1421,#1470,#766,.T.);
#1852=EDGE_CURVE('',#1470,#1420,#767,.T.);
#1853=EDGE_CURVE('',#1405,#1471,#768,.T.);
#1854=EDGE_CURVE('',#1424,#1471,#769,.T.);
#1855=EDGE_CURVE('',#1471,#1423,#770,.T.);
#1856=EDGE_CURVE('',#1472,#1456,#771,.T.);
#1857=EDGE_CURVE('',#1361,#1472,#772,.T.);
#1858=EDGE_CURVE('',#1457,#1472,#773,.T.);
#1859=EDGE_CURVE('',#1401,#1473,#774,.T.);
#1860=EDGE_CURVE('',#1427,#1473,#775,.T.);
#1861=EDGE_CURVE('',#1473,#1426,#776,.T.);
#1862=EDGE_CURVE('',#1474,#1453,#777,.T.);
#1863=EDGE_CURVE('',#1365,#1474,#778,.T.);
#1864=EDGE_CURVE('',#1454,#1474,#779,.T.);
#1865=EDGE_CURVE('',#1475,#1429,#780,.T.);
#1866=EDGE_CURVE('',#1397,#1475,#781,.T.);
#1867=EDGE_CURVE('',#1430,#1475,#782,.T.);
#1868=EDGE_CURVE('',#1369,#1476,#783,.T.);
#1869=EDGE_CURVE('',#1451,#1476,#784,.T.);
#1870=EDGE_CURVE('',#1476,#1450,#785,.T.);
#1871=EDGE_CURVE('',#1477,#1432,#786,.T.);
#1872=EDGE_CURVE('',#1393,#1477,#787,.T.);
#1873=EDGE_CURVE('',#1433,#1477,#788,.T.);
#1874=EDGE_CURVE('',#1478,#1447,#789,.T.);
#1875=EDGE_CURVE('',#1373,#1478,#790,.T.);
#1876=EDGE_CURVE('',#1448,#1478,#791,.T.);
#1877=EDGE_CURVE('',#1479,#1435,#792,.T.);
#1878=EDGE_CURVE('',#1389,#1479,#793,.T.);
#1879=EDGE_CURVE('',#1436,#1479,#794,.T.);
#1880=EDGE_CURVE('',#1480,#1444,#795,.T.);
#1881=EDGE_CURVE('',#1377,#1480,#796,.T.);
#1882=EDGE_CURVE('',#1445,#1480,#797,.T.);
#1883=EDGE_CURVE('',#1481,#1438,#798,.T.);
#1884=EDGE_CURVE('',#1385,#1481,#799,.T.);
#1885=EDGE_CURVE('',#1439,#1481,#800,.T.);
#1886=EDGE_CURVE('',#1381,#1482,#801,.T.);
#1887=EDGE_CURVE('',#1442,#1482,#802,.T.);
#1888=EDGE_CURVE('',#1482,#1441,#803,.T.);
#1889=EDGE_CURVE('',#1349,#1483,#804,.T.);
#1890=EDGE_CURVE('',#1483,#1483,#1219,.T.);
#1891=EDGE_CURVE('',#1351,#1484,#805,.T.);
#1892=EDGE_CURVE('',#1484,#1484,#1220,.T.);
#1893=EDGE_CURVE('',#1348,#1485,#806,.T.);
#1894=EDGE_CURVE('',#1485,#1485,#1221,.T.);
#1895=EDGE_CURVE('',#1350,#1486,#807,.T.);
#1896=EDGE_CURVE('',#1486,#1486,#1222,.T.);
#1897=EDGE_CURVE('',#1344,#1487,#808,.T.);
#1898=EDGE_CURVE('',#1466,#1487,#809,.T.);
#1899=EDGE_CURVE('',#1487,#1465,#810,.T.);
#1900=ORIENTED_EDGE('',*,*,#1488,.F.);
#1901=ORIENTED_EDGE('',*,*,#1489,.T.);
#1902=ORIENTED_EDGE('',*,*,#1490,.F.);
#1903=ORIENTED_EDGE('',*,*,#1491,.T.);
#1904=ORIENTED_EDGE('',*,*,#1492,.F.);
#1905=ORIENTED_EDGE('',*,*,#1493,.T.);
#1906=ORIENTED_EDGE('',*,*,#1494,.F.);
#1907=ORIENTED_EDGE('',*,*,#1495,.T.);
#1908=ORIENTED_EDGE('',*,*,#1496,.T.);
#1909=ORIENTED_EDGE('',*,*,#1497,.T.);
#1910=ORIENTED_EDGE('',*,*,#1498,.T.);
#1911=ORIENTED_EDGE('',*,*,#1499,.T.);
#1912=ORIENTED_EDGE('',*,*,#1500,.F.);
#1913=ORIENTED_EDGE('',*,*,#1501,.F.);
#1914=ORIENTED_EDGE('',*,*,#1502,.F.);
#1915=ORIENTED_EDGE('',*,*,#1503,.F.);
#1916=ORIENTED_EDGE('',*,*,#1504,.T.);
#1917=ORIENTED_EDGE('',*,*,#1505,.F.);
#1918=ORIENTED_EDGE('',*,*,#1506,.T.);
#1919=ORIENTED_EDGE('',*,*,#1498,.F.);
#1920=ORIENTED_EDGE('',*,*,#1507,.T.);
#1921=ORIENTED_EDGE('',*,*,#1502,.T.);
#1922=ORIENTED_EDGE('',*,*,#1508,.T.);
#1923=ORIENTED_EDGE('',*,*,#1509,.T.);
#1924=ORIENTED_EDGE('',*,*,#1510,.T.);
#1925=ORIENTED_EDGE('',*,*,#1511,.T.);
#1926=ORIENTED_EDGE('',*,*,#1512,.T.);
#1927=ORIENTED_EDGE('',*,*,#1513,.T.);
#1928=ORIENTED_EDGE('',*,*,#1514,.F.);
#1929=ORIENTED_EDGE('',*,*,#1515,.F.);
#1930=ORIENTED_EDGE('',*,*,#1509,.F.);
#1931=ORIENTED_EDGE('',*,*,#1516,.F.);
#1932=ORIENTED_EDGE('',*,*,#1508,.F.);
#1933=ORIENTED_EDGE('',*,*,#1501,.T.);
#1934=ORIENTED_EDGE('',*,*,#1517,.F.);
#1935=ORIENTED_EDGE('',*,*,#1516,.T.);
#1936=ORIENTED_EDGE('',*,*,#1518,.F.);
#1937=ORIENTED_EDGE('',*,*,#1503,.T.);
#1938=ORIENTED_EDGE('',*,*,#1507,.F.);
#1939=ORIENTED_EDGE('',*,*,#1515,.T.);
#1940=ORIENTED_EDGE('',*,*,#1519,.F.);
#1941=ORIENTED_EDGE('',*,*,#1493,.F.);
#1942=ORIENTED_EDGE('',*,*,#1520,.F.);
#1943=ORIENTED_EDGE('',*,*,#1521,.F.);
#1944=ORIENTED_EDGE('',*,*,#1518,.T.);
#1945=ORIENTED_EDGE('',*,*,#1514,.T.);
#1946=ORIENTED_EDGE('',*,*,#1517,.T.);
#1947=ORIENTED_EDGE('',*,*,#1500,.T.);
#1948=ORIENTED_EDGE('',*,*,#1522,.T.);
#1949=ORIENTED_EDGE('',*,*,#1523,.T.);
#1950=ORIENTED_EDGE('',*,*,#1524,.T.);
#1951=ORIENTED_EDGE('',*,*,#1525,.T.);
#1952=ORIENTED_EDGE('',*,*,#1506,.F.);
#1953=ORIENTED_EDGE('',*,*,#1526,.F.);
#1954=ORIENTED_EDGE('',*,*,#1527,.T.);
#1955=ORIENTED_EDGE('',*,*,#1499,.F.);
#1956=ORIENTED_EDGE('',*,*,#1528,.F.);
#1957=ORIENTED_EDGE('',*,*,#1495,.F.);
#1958=ORIENTED_EDGE('',*,*,#1529,.F.);
#1959=ORIENTED_EDGE('',*,*,#1530,.F.);
#1960=ORIENTED_EDGE('',*,*,#1531,.F.);
#1961=ORIENTED_EDGE('',*,*,#1491,.F.);
#1962=ORIENTED_EDGE('',*,*,#1532,.F.);
#1963=ORIENTED_EDGE('',*,*,#1533,.F.);
#1964=ORIENTED_EDGE('',*,*,#1489,.F.);
#1965=ORIENTED_EDGE('',*,*,#1534,.F.);
#1966=ORIENTED_EDGE('',*,*,#1535,.F.);
#1967=ORIENTED_EDGE('',*,*,#1536,.F.);
#1968=ORIENTED_EDGE('',*,*,#1537,.F.);
#1969=ORIENTED_EDGE('',*,*,#1538,.F.);
#1970=ORIENTED_EDGE('',*,*,#1504,.F.);
#1971=ORIENTED_EDGE('',*,*,#1497,.F.);
#1972=ORIENTED_EDGE('',*,*,#1539,.T.);
#1973=ORIENTED_EDGE('',*,*,#1540,.T.);
#1974=ORIENTED_EDGE('',*,*,#1541,.T.);
#1975=ORIENTED_EDGE('',*,*,#1542,.T.);
#1976=ORIENTED_EDGE('',*,*,#1527,.F.);
#1977=ORIENTED_EDGE('',*,*,#1543,.F.);
#1978=ORIENTED_EDGE('',*,*,#1537,.T.);
#1979=ORIENTED_EDGE('',*,*,#1496,.F.);
#1980=ORIENTED_EDGE('',*,*,#1520,.T.);
#1981=ORIENTED_EDGE('',*,*,#1492,.T.);
#1982=ORIENTED_EDGE('',*,*,#1531,.T.);
#1983=ORIENTED_EDGE('',*,*,#1544,.T.);
#1984=ORIENTED_EDGE('',*,*,#1532,.T.);
#1985=ORIENTED_EDGE('',*,*,#1490,.T.);
#1986=ORIENTED_EDGE('',*,*,#1536,.T.);
#1987=ORIENTED_EDGE('',*,*,#1545,.T.);
#1988=ORIENTED_EDGE('',*,*,#1546,.F.);
#1989=ORIENTED_EDGE('',*,*,#1547,.F.);
#1990=ORIENTED_EDGE('',*,*,#1548,.F.);
#1991=ORIENTED_EDGE('',*,*,#1549,.T.);
#1992=ORIENTED_EDGE('',*,*,#1550,.F.);
#1993=ORIENTED_EDGE('',*,*,#1551,.T.);
#1994=ORIENTED_EDGE('',*,*,#1541,.F.);
#1995=ORIENTED_EDGE('',*,*,#1552,.F.);
#1996=ORIENTED_EDGE('',*,*,#1553,.F.);
#1997=ORIENTED_EDGE('',*,*,#1554,.F.);
#1998=ORIENTED_EDGE('',*,*,#1555,.F.);
#1999=ORIENTED_EDGE('',*,*,#1556,.F.);
#2000=ORIENTED_EDGE('',*,*,#1557,.F.);
#2001=ORIENTED_EDGE('',*,*,#1558,.T.);
#2002=ORIENTED_EDGE('',*,*,#1559,.T.);
#2003=ORIENTED_EDGE('',*,*,#1548,.T.);
#2004=ORIENTED_EDGE('',*,*,#1560,.F.);
#2005=ORIENTED_EDGE('',*,*,#1539,.F.);
#2006=ORIENTED_EDGE('',*,*,#1561,.F.);
#2007=ORIENTED_EDGE('',*,*,#1552,.T.);
#2008=ORIENTED_EDGE('',*,*,#1540,.F.);
#2009=ORIENTED_EDGE('',*,*,#1560,.T.);
#2010=ORIENTED_EDGE('',*,*,#1547,.T.);
#2011=ORIENTED_EDGE('',*,*,#1562,.F.);
#2012=ORIENTED_EDGE('',*,*,#1563,.F.);
#2013=ORIENTED_EDGE('',*,*,#1556,.T.);
#2014=ORIENTED_EDGE('',*,*,#1564,.F.);
#2015=ORIENTED_EDGE('',*,*,#1558,.F.);
#2016=ORIENTED_EDGE('',*,*,#1565,.F.);
#2017=ORIENTED_EDGE('',*,*,#1549,.F.);
#2018=ORIENTED_EDGE('',*,*,#1559,.F.);
#2019=ORIENTED_EDGE('',*,*,#1542,.F.);
#2020=ORIENTED_EDGE('',*,*,#1551,.F.);
#2021=ORIENTED_EDGE('',*,*,#1566,.F.);
#2022=ORIENTED_EDGE('',*,*,#1567,.F.);
#2023=ORIENTED_EDGE('',*,*,#1568,.F.);
#2024=ORIENTED_EDGE('',*,*,#1553,.T.);
#2025=ORIENTED_EDGE('',*,*,#1569,.F.);
#2026=ORIENTED_EDGE('',*,*,#1570,.F.);
#2027=ORIENTED_EDGE('',*,*,#1550,.T.);
#2028=ORIENTED_EDGE('',*,*,#1571,.F.);
#2029=ORIENTED_EDGE('',*,*,#1572,.F.);
#2030=ORIENTED_EDGE('',*,*,#1554,.T.);
#2031=ORIENTED_EDGE('',*,*,#1570,.T.);
#2032=ORIENTED_EDGE('',*,*,#1573,.F.);
#2033=ORIENTED_EDGE('',*,*,#1574,.T.);
#2034=ORIENTED_EDGE('',*,*,#1575,.F.);
#2035=ORIENTED_EDGE('',*,*,#1576,.T.);
#2036=ORIENTED_EDGE('',*,*,#1577,.F.);
#2037=ORIENTED_EDGE('',*,*,#1567,.T.);
#2038=ORIENTED_EDGE('',*,*,#1578,.F.);
#2039=ORIENTED_EDGE('',*,*,#1579,.T.);
#2040=ORIENTED_EDGE('',*,*,#1568,.T.);
#2041=ORIENTED_EDGE('',*,*,#1577,.T.);
#2042=ORIENTED_EDGE('',*,*,#1580,.T.);
#2043=ORIENTED_EDGE('',*,*,#1581,.T.);
#2044=ORIENTED_EDGE('',*,*,#1582,.F.);
#2045=ORIENTED_EDGE('',*,*,#1583,.T.);
#2046=ORIENTED_EDGE('',*,*,#1584,.T.);
#2047=ORIENTED_EDGE('',*,*,#1575,.T.);
#2048=ORIENTED_EDGE('',*,*,#1566,.T.);
#2049=ORIENTED_EDGE('',*,*,#1579,.F.);
#2050=ORIENTED_EDGE('',*,*,#1564,.T.);
#2051=ORIENTED_EDGE('',*,*,#1572,.T.);
#2052=ORIENTED_EDGE('',*,*,#1585,.T.);
#2053=ORIENTED_EDGE('',*,*,#1586,.F.);
#2054=ORIENTED_EDGE('',*,*,#1587,.T.);
#2055=ORIENTED_EDGE('',*,*,#1588,.F.);
#2056=ORIENTED_EDGE('',*,*,#1589,.T.);
#2057=ORIENTED_EDGE('',*,*,#1561,.T.);
#2058=ORIENTED_EDGE('',*,*,#1555,.T.);
#2059=ORIENTED_EDGE('',*,*,#1590,.T.);
#2060=ORIENTED_EDGE('',*,*,#1591,.T.);
#2061=ORIENTED_EDGE('',*,*,#1592,.F.);
#2062=ORIENTED_EDGE('',*,*,#1593,.T.);
#2063=ORIENTED_EDGE('',*,*,#1594,.T.);
#2064=ORIENTED_EDGE('',*,*,#1573,.T.);
#2065=ORIENTED_EDGE('',*,*,#1569,.T.);
#2066=ORIENTED_EDGE('',*,*,#1589,.F.);
#2067=ORIENTED_EDGE('',*,*,#1565,.T.);
#2068=ORIENTED_EDGE('',*,*,#1595,.T.);
#2069=ORIENTED_EDGE('',*,*,#1596,.F.);
#2070=ORIENTED_EDGE('',*,*,#1597,.T.);
#2071=ORIENTED_EDGE('',*,*,#1598,.F.);
#2072=ORIENTED_EDGE('',*,*,#1599,.T.);
#2073=ORIENTED_EDGE('',*,*,#1562,.T.);
#2074=ORIENTED_EDGE('',*,*,#1546,.T.);
#2075=ORIENTED_EDGE('',*,*,#1600,.T.);
#2076=ORIENTED_EDGE('',*,*,#1601,.T.);
#2077=ORIENTED_EDGE('',*,*,#1602,.F.);
#2078=ORIENTED_EDGE('',*,*,#1603,.T.);
#2079=ORIENTED_EDGE('',*,*,#1604,.T.);
#2080=ORIENTED_EDGE('',*,*,#1557,.T.);
#2081=ORIENTED_EDGE('',*,*,#1563,.T.);
#2082=ORIENTED_EDGE('',*,*,#1599,.F.);
#2083=ORIENTED_EDGE('',*,*,#1605,.F.);
#2084=ORIENTED_EDGE('',*,*,#1606,.F.);
#2085=ORIENTED_EDGE('',*,*,#1580,.F.);
#2086=ORIENTED_EDGE('',*,*,#1576,.F.);
#2087=ORIENTED_EDGE('',*,*,#1584,.F.);
#2088=ORIENTED_EDGE('',*,*,#1607,.F.);
#2089=ORIENTED_EDGE('',*,*,#1608,.F.);
#2090=ORIENTED_EDGE('',*,*,#1609,.F.);
#2091=ORIENTED_EDGE('',*,*,#1610,.F.);
#2092=ORIENTED_EDGE('',*,*,#1590,.F.);
#2093=ORIENTED_EDGE('',*,*,#1611,.F.);
#2094=ORIENTED_EDGE('',*,*,#1574,.F.);
#2095=ORIENTED_EDGE('',*,*,#1594,.F.);
#2096=ORIENTED_EDGE('',*,*,#1612,.F.);
#2097=ORIENTED_EDGE('',*,*,#1613,.F.);
#2098=ORIENTED_EDGE('',*,*,#1614,.F.);
#2099=ORIENTED_EDGE('',*,*,#1615,.F.);
#2100=ORIENTED_EDGE('',*,*,#1600,.F.);
#2101=ORIENTED_EDGE('',*,*,#1616,.F.);
#2102=ORIENTED_EDGE('',*,*,#1604,.F.);
#2103=ORIENTED_EDGE('',*,*,#1617,.F.);
#2104=ORIENTED_EDGE('',*,*,#1618,.F.);
#2105=ORIENTED_EDGE('',*,*,#1587,.F.);
#2106=ORIENTED_EDGE('',*,*,#1619,.F.);
#2107=ORIENTED_EDGE('',*,*,#1585,.F.);
#2108=ORIENTED_EDGE('',*,*,#1571,.T.);
#2109=ORIENTED_EDGE('',*,*,#1611,.T.);
#2110=ORIENTED_EDGE('',*,*,#1595,.F.);
#2111=ORIENTED_EDGE('',*,*,#1616,.T.);
#2112=ORIENTED_EDGE('',*,*,#1597,.F.);
#2113=ORIENTED_EDGE('',*,*,#1620,.F.);
#2114=ORIENTED_EDGE('',*,*,#1621,.F.);
#2115=ORIENTED_EDGE('',*,*,#1622,.F.);
#2116=ORIENTED_EDGE('',*,*,#1623,.F.);
#2117=ORIENTED_EDGE('',*,*,#1624,.T.);
#2118=ORIENTED_EDGE('',*,*,#1625,.F.);
#2119=ORIENTED_EDGE('',*,*,#1624,.F.);
#2120=ORIENTED_EDGE('',*,*,#1626,.F.);
#2121=ORIENTED_EDGE('',*,*,#1627,.T.);
#2122=ORIENTED_EDGE('',*,*,#1628,.F.);
#2123=ORIENTED_EDGE('',*,*,#1601,.F.);
#2124=ORIENTED_EDGE('',*,*,#1615,.T.);
#2125=ORIENTED_EDGE('',*,*,#1629,.F.);
#2126=ORIENTED_EDGE('',*,*,#1630,.F.);
#2127=ORIENTED_EDGE('',*,*,#1631,.F.);
#2128=ORIENTED_EDGE('',*,*,#1617,.T.);
#2129=ORIENTED_EDGE('',*,*,#1603,.F.);
#2130=ORIENTED_EDGE('',*,*,#1632,.F.);
#2131=ORIENTED_EDGE('',*,*,#1591,.F.);
#2132=ORIENTED_EDGE('',*,*,#1610,.T.);
#2133=ORIENTED_EDGE('',*,*,#1633,.F.);
#2134=ORIENTED_EDGE('',*,*,#1634,.F.);
#2135=ORIENTED_EDGE('',*,*,#1635,.F.);
#2136=ORIENTED_EDGE('',*,*,#1612,.T.);
#2137=ORIENTED_EDGE('',*,*,#1593,.F.);
#2138=ORIENTED_EDGE('',*,*,#1636,.F.);
#2139=ORIENTED_EDGE('',*,*,#1581,.F.);
#2140=ORIENTED_EDGE('',*,*,#1606,.T.);
#2141=ORIENTED_EDGE('',*,*,#1637,.F.);
#2142=ORIENTED_EDGE('',*,*,#1638,.F.);
#2143=ORIENTED_EDGE('',*,*,#1639,.F.);
#2144=ORIENTED_EDGE('',*,*,#1607,.T.);
#2145=ORIENTED_EDGE('',*,*,#1583,.F.);
#2146=ORIENTED_EDGE('',*,*,#1640,.F.);
#2147=ORIENTED_EDGE('',*,*,#1627,.F.);
#2148=ORIENTED_EDGE('',*,*,#1641,.F.);
#2149=ORIENTED_EDGE('',*,*,#1642,.T.);
#2150=ORIENTED_EDGE('',*,*,#1643,.F.);
#2151=ORIENTED_EDGE('',*,*,#1642,.F.);
#2152=ORIENTED_EDGE('',*,*,#1644,.F.);
#2153=ORIENTED_EDGE('',*,*,#1622,.T.);
#2154=ORIENTED_EDGE('',*,*,#1634,.T.);
#2155=ORIENTED_EDGE('',*,*,#1645,.T.);
#2156=ORIENTED_EDGE('',*,*,#1638,.T.);
#2157=ORIENTED_EDGE('',*,*,#1646,.T.);
#2158=ORIENTED_EDGE('',*,*,#1630,.T.);
#2159=ORIENTED_EDGE('',*,*,#1647,.T.);
#2160=ORIENTED_EDGE('',*,*,#1641,.T.);
#2161=ORIENTED_EDGE('',*,*,#1626,.T.);
#2162=ORIENTED_EDGE('',*,*,#1623,.T.);
#2163=ORIENTED_EDGE('',*,*,#1644,.T.);
#2164=ORIENTED_EDGE('',*,*,#1538,.T.);
#2165=ORIENTED_EDGE('',*,*,#1543,.T.);
#2166=ORIENTED_EDGE('',*,*,#1526,.T.);
#2167=ORIENTED_EDGE('',*,*,#1505,.T.);
#2168=ORIENTED_EDGE('',*,*,#1648,.T.);
#2169=ORIENTED_EDGE('',*,*,#1632,.T.);
#2170=ORIENTED_EDGE('',*,*,#1602,.T.);
#2171=ORIENTED_EDGE('',*,*,#1628,.T.);
#2172=ORIENTED_EDGE('',*,*,#1643,.T.);
#2173=ORIENTED_EDGE('',*,*,#1621,.T.);
#2174=ORIENTED_EDGE('',*,*,#1625,.T.);
#2175=ORIENTED_EDGE('',*,*,#1640,.T.);
#2176=ORIENTED_EDGE('',*,*,#1582,.T.);
#2177=ORIENTED_EDGE('',*,*,#1636,.T.);
#2178=ORIENTED_EDGE('',*,*,#1592,.T.);
#2179=ORIENTED_EDGE('',*,*,#1649,.F.);
#2180=ORIENTED_EDGE('',*,*,#1650,.F.);
#2181=ORIENTED_EDGE('',*,*,#1651,.F.);
#2182=ORIENTED_EDGE('',*,*,#1545,.F.);
#2183=ORIENTED_EDGE('',*,*,#1652,.F.);
#2184=ORIENTED_EDGE('',*,*,#1653,.F.);
#2185=ORIENTED_EDGE('',*,*,#1652,.T.);
#2186=ORIENTED_EDGE('',*,*,#1535,.T.);
#2187=ORIENTED_EDGE('',*,*,#1651,.T.);
#2188=ORIENTED_EDGE('',*,*,#1654,.T.);
#2189=ORIENTED_EDGE('',*,*,#1655,.F.);
#2190=ORIENTED_EDGE('',*,*,#1656,.F.);
#2191=ORIENTED_EDGE('',*,*,#1657,.F.);
#2192=ORIENTED_EDGE('',*,*,#1650,.T.);
#2193=ORIENTED_EDGE('',*,*,#1530,.T.);
#2194=ORIENTED_EDGE('',*,*,#1656,.T.);
#2195=ORIENTED_EDGE('',*,*,#1658,.T.);
#2196=ORIENTED_EDGE('',*,*,#1519,.T.);
#2197=ORIENTED_EDGE('',*,*,#1657,.T.);
#2198=ORIENTED_EDGE('',*,*,#1529,.T.);
#2199=ORIENTED_EDGE('',*,*,#1494,.T.);
#2200=ORIENTED_EDGE('',*,*,#1544,.F.);
#2201=ORIENTED_EDGE('',*,*,#1659,.F.);
#2202=ORIENTED_EDGE('',*,*,#1660,.F.);
#2203=ORIENTED_EDGE('',*,*,#1659,.T.);
#2204=ORIENTED_EDGE('',*,*,#1533,.T.);
#2205=ORIENTED_EDGE('',*,*,#1653,.T.);
#2206=ORIENTED_EDGE('',*,*,#1661,.T.);
#2207=ORIENTED_EDGE('',*,*,#1655,.T.);
#2208=ORIENTED_EDGE('',*,*,#1521,.T.);
#2209=ORIENTED_EDGE('',*,*,#1660,.T.);
#2210=ORIENTED_EDGE('',*,*,#1662,.T.);
#2211=ORIENTED_EDGE('',*,*,#1534,.T.);
#2212=ORIENTED_EDGE('',*,*,#1488,.T.);
#2213=ORIENTED_EDGE('',*,*,#1528,.T.);
#2214=ORIENTED_EDGE('',*,*,#1649,.T.);
#2215=ORIENTED_EDGE('',*,*,#1654,.F.);
#2216=ORIENTED_EDGE('',*,*,#1658,.F.);
#2217=ORIENTED_EDGE('',*,*,#1662,.F.);
#2218=ORIENTED_EDGE('',*,*,#1661,.F.);
#2219=ORIENTED_EDGE('',*,*,#1512,.F.);
#2220=ORIENTED_EDGE('',*,*,#1663,.T.);
#2221=ORIENTED_EDGE('',*,*,#1524,.F.);
#2222=ORIENTED_EDGE('',*,*,#1664,.F.);
#2223=ORIENTED_EDGE('',*,*,#1513,.F.);
#2224=ORIENTED_EDGE('',*,*,#1664,.T.);
#2225=ORIENTED_EDGE('',*,*,#1523,.F.);
#2226=ORIENTED_EDGE('',*,*,#1665,.T.);
#2227=ORIENTED_EDGE('',*,*,#1510,.F.);
#2228=ORIENTED_EDGE('',*,*,#1665,.F.);
#2229=ORIENTED_EDGE('',*,*,#1522,.F.);
#2230=ORIENTED_EDGE('',*,*,#1666,.T.);
#2231=ORIENTED_EDGE('',*,*,#1511,.F.);
#2232=ORIENTED_EDGE('',*,*,#1666,.F.);
#2233=ORIENTED_EDGE('',*,*,#1525,.F.);
#2234=ORIENTED_EDGE('',*,*,#1663,.F.);
#2235=ORIENTED_EDGE('',*,*,#1620,.T.);
#2236=ORIENTED_EDGE('',*,*,#1596,.T.);
#2237=ORIENTED_EDGE('',*,*,#1619,.T.);
#2238=ORIENTED_EDGE('',*,*,#1586,.T.);
#2239=ORIENTED_EDGE('',*,*,#1667,.F.);
#2240=ORIENTED_EDGE('',*,*,#1668,.T.);
#2241=ORIENTED_EDGE('',*,*,#1669,.F.);
#2242=ORIENTED_EDGE('',*,*,#1668,.F.);
#2243=ORIENTED_EDGE('',*,*,#1667,.T.);
#2244=ORIENTED_EDGE('',*,*,#1635,.T.);
#2245=ORIENTED_EDGE('',*,*,#1645,.F.);
#2246=ORIENTED_EDGE('',*,*,#1633,.T.);
#2247=ORIENTED_EDGE('',*,*,#1609,.T.);
#2248=ORIENTED_EDGE('',*,*,#1670,.T.);
#2249=ORIENTED_EDGE('',*,*,#1671,.F.);
#2250=ORIENTED_EDGE('',*,*,#1670,.F.);
#2251=ORIENTED_EDGE('',*,*,#1613,.T.);
#2252=ORIENTED_EDGE('',*,*,#1639,.T.);
#2253=ORIENTED_EDGE('',*,*,#1646,.F.);
#2254=ORIENTED_EDGE('',*,*,#1637,.T.);
#2255=ORIENTED_EDGE('',*,*,#1605,.T.);
#2256=ORIENTED_EDGE('',*,*,#1672,.T.);
#2257=ORIENTED_EDGE('',*,*,#1673,.F.);
#2258=ORIENTED_EDGE('',*,*,#1672,.F.);
#2259=ORIENTED_EDGE('',*,*,#1608,.T.);
#2260=ORIENTED_EDGE('',*,*,#1631,.T.);
#2261=ORIENTED_EDGE('',*,*,#1647,.F.);
#2262=ORIENTED_EDGE('',*,*,#1629,.T.);
#2263=ORIENTED_EDGE('',*,*,#1614,.T.);
#2264=ORIENTED_EDGE('',*,*,#1674,.T.);
#2265=ORIENTED_EDGE('',*,*,#1675,.F.);
#2266=ORIENTED_EDGE('',*,*,#1674,.F.);
#2267=ORIENTED_EDGE('',*,*,#1618,.T.);
#2268=ORIENTED_EDGE('',*,*,#1676,.F.);
#2269=ORIENTED_EDGE('',*,*,#1677,.T.);
#2270=ORIENTED_EDGE('',*,*,#1648,.F.);
#2271=ORIENTED_EDGE('',*,*,#1677,.F.);
#2272=ORIENTED_EDGE('',*,*,#1676,.T.);
#2273=ORIENTED_EDGE('',*,*,#1669,.T.);
#2274=ORIENTED_EDGE('',*,*,#1588,.T.);
#2275=ORIENTED_EDGE('',*,*,#1671,.T.);
#2276=ORIENTED_EDGE('',*,*,#1578,.T.);
#2277=ORIENTED_EDGE('',*,*,#1673,.T.);
#2278=ORIENTED_EDGE('',*,*,#1598,.T.);
#2279=ORIENTED_EDGE('',*,*,#1675,.T.);
#2280=ORIENTED_EDGE('',*,*,#1678,.T.);
#2281=ORIENTED_EDGE('',*,*,#1679,.T.);
#2282=ORIENTED_EDGE('',*,*,#1680,.F.);
#2283=ORIENTED_EDGE('',*,*,#1678,.F.);
#2284=ORIENTED_EDGE('',*,*,#1681,.F.);
#2285=ORIENTED_EDGE('',*,*,#1682,.T.);
#2286=ORIENTED_EDGE('',*,*,#1683,.T.);
#2287=ORIENTED_EDGE('',*,*,#1681,.T.);
#2288=ORIENTED_EDGE('',*,*,#1679,.F.);
#2289=ORIENTED_EDGE('',*,*,#1680,.T.);
#2290=ORIENTED_EDGE('',*,*,#1683,.F.);
#2291=ORIENTED_EDGE('',*,*,#1682,.F.);
#2292=ORIENTED_EDGE('',*,*,#1684,.F.);
#2293=ORIENTED_EDGE('',*,*,#1685,.F.);
#2294=ORIENTED_EDGE('',*,*,#1686,.F.);
#2295=ORIENTED_EDGE('',*,*,#1687,.F.);
#2296=ORIENTED_EDGE('',*,*,#1688,.F.);
#2297=ORIENTED_EDGE('',*,*,#1689,.F.);
#2298=ORIENTED_EDGE('',*,*,#1690,.F.);
#2299=ORIENTED_EDGE('',*,*,#1691,.F.);
#2300=ORIENTED_EDGE('',*,*,#1692,.F.);
#2301=ORIENTED_EDGE('',*,*,#1693,.F.);
#2302=ORIENTED_EDGE('',*,*,#1694,.F.);
#2303=ORIENTED_EDGE('',*,*,#1695,.F.);
#2304=ORIENTED_EDGE('',*,*,#1696,.F.);
#2305=ORIENTED_EDGE('',*,*,#1697,.F.);
#2306=ORIENTED_EDGE('',*,*,#1698,.F.);
#2307=ORIENTED_EDGE('',*,*,#1699,.F.);
#2308=ORIENTED_EDGE('',*,*,#1700,.F.);
#2309=ORIENTED_EDGE('',*,*,#1701,.F.);
#2310=ORIENTED_EDGE('',*,*,#1702,.F.);
#2311=ORIENTED_EDGE('',*,*,#1703,.F.);
#2312=ORIENTED_EDGE('',*,*,#1704,.F.);
#2313=ORIENTED_EDGE('',*,*,#1705,.F.);
#2314=ORIENTED_EDGE('',*,*,#1706,.F.);
#2315=ORIENTED_EDGE('',*,*,#1707,.F.);
#2316=ORIENTED_EDGE('',*,*,#1708,.F.);
#2317=ORIENTED_EDGE('',*,*,#1709,.F.);
#2318=ORIENTED_EDGE('',*,*,#1710,.F.);
#2319=ORIENTED_EDGE('',*,*,#1711,.F.);
#2320=ORIENTED_EDGE('',*,*,#1712,.F.);
#2321=ORIENTED_EDGE('',*,*,#1713,.F.);
#2322=ORIENTED_EDGE('',*,*,#1714,.F.);
#2323=ORIENTED_EDGE('',*,*,#1715,.F.);
#2324=ORIENTED_EDGE('',*,*,#1716,.F.);
#2325=ORIENTED_EDGE('',*,*,#1717,.F.);
#2326=ORIENTED_EDGE('',*,*,#1718,.F.);
#2327=ORIENTED_EDGE('',*,*,#1719,.F.);
#2328=ORIENTED_EDGE('',*,*,#1720,.F.);
#2329=ORIENTED_EDGE('',*,*,#1721,.F.);
#2330=ORIENTED_EDGE('',*,*,#1722,.F.);
#2331=ORIENTED_EDGE('',*,*,#1723,.F.);
#2332=ORIENTED_EDGE('',*,*,#1724,.F.);
#2333=ORIENTED_EDGE('',*,*,#1725,.F.);
#2334=ORIENTED_EDGE('',*,*,#1726,.F.);
#2335=ORIENTED_EDGE('',*,*,#1727,.F.);
#2336=ORIENTED_EDGE('',*,*,#1728,.F.);
#2337=ORIENTED_EDGE('',*,*,#1729,.F.);
#2338=ORIENTED_EDGE('',*,*,#1730,.F.);
#2339=ORIENTED_EDGE('',*,*,#1731,.F.);
#2340=ORIENTED_EDGE('',*,*,#1732,.F.);
#2341=ORIENTED_EDGE('',*,*,#1733,.F.);
#2342=ORIENTED_EDGE('',*,*,#1734,.F.);
#2343=ORIENTED_EDGE('',*,*,#1735,.F.);
#2344=ORIENTED_EDGE('',*,*,#1736,.F.);
#2345=ORIENTED_EDGE('',*,*,#1737,.F.);
#2346=ORIENTED_EDGE('',*,*,#1738,.F.);
#2347=ORIENTED_EDGE('',*,*,#1739,.F.);
#2348=ORIENTED_EDGE('',*,*,#1740,.F.);
#2349=ORIENTED_EDGE('',*,*,#1741,.F.);
#2350=ORIENTED_EDGE('',*,*,#1742,.F.);
#2351=ORIENTED_EDGE('',*,*,#1743,.F.);
#2352=ORIENTED_EDGE('',*,*,#1744,.F.);
#2353=ORIENTED_EDGE('',*,*,#1745,.F.);
#2354=ORIENTED_EDGE('',*,*,#1746,.F.);
#2355=ORIENTED_EDGE('',*,*,#1747,.F.);
#2356=ORIENTED_EDGE('',*,*,#1748,.F.);
#2357=ORIENTED_EDGE('',*,*,#1749,.F.);
#2358=ORIENTED_EDGE('',*,*,#1750,.F.);
#2359=ORIENTED_EDGE('',*,*,#1751,.F.);
#2360=ORIENTED_EDGE('',*,*,#1752,.F.);
#2361=ORIENTED_EDGE('',*,*,#1753,.F.);
#2362=ORIENTED_EDGE('',*,*,#1754,.F.);
#2363=ORIENTED_EDGE('',*,*,#1755,.F.);
#2364=ORIENTED_EDGE('',*,*,#1753,.T.);
#2365=ORIENTED_EDGE('',*,*,#1756,.T.);
#2366=ORIENTED_EDGE('',*,*,#1757,.F.);
#2367=ORIENTED_EDGE('',*,*,#1758,.F.);
#2368=ORIENTED_EDGE('',*,*,#1752,.T.);
#2369=ORIENTED_EDGE('',*,*,#1759,.T.);
#2370=ORIENTED_EDGE('',*,*,#1760,.F.);
#2371=ORIENTED_EDGE('',*,*,#1756,.F.);
#2372=ORIENTED_EDGE('',*,*,#1750,.T.);
#2373=ORIENTED_EDGE('',*,*,#1761,.T.);
#2374=ORIENTED_EDGE('',*,*,#1762,.F.);
#2375=ORIENTED_EDGE('',*,*,#1763,.F.);
#2376=ORIENTED_EDGE('',*,*,#1749,.T.);
#2377=ORIENTED_EDGE('',*,*,#1764,.T.);
#2378=ORIENTED_EDGE('',*,*,#1765,.F.);
#2379=ORIENTED_EDGE('',*,*,#1761,.F.);
#2380=ORIENTED_EDGE('',*,*,#1746,.T.);
#2381=ORIENTED_EDGE('',*,*,#1766,.T.);
#2382=ORIENTED_EDGE('',*,*,#1767,.F.);
#2383=ORIENTED_EDGE('',*,*,#1768,.F.);
#2384=ORIENTED_EDGE('',*,*,#1745,.T.);
#2385=ORIENTED_EDGE('',*,*,#1769,.T.);
#2386=ORIENTED_EDGE('',*,*,#1770,.F.);
#2387=ORIENTED_EDGE('',*,*,#1766,.F.);
#2388=ORIENTED_EDGE('',*,*,#1742,.T.);
#2389=ORIENTED_EDGE('',*,*,#1771,.T.);
#2390=ORIENTED_EDGE('',*,*,#1772,.F.);
#2391=ORIENTED_EDGE('',*,*,#1773,.F.);
#2392=ORIENTED_EDGE('',*,*,#1741,.T.);
#2393=ORIENTED_EDGE('',*,*,#1774,.T.);
#2394=ORIENTED_EDGE('',*,*,#1775,.F.);
#2395=ORIENTED_EDGE('',*,*,#1771,.F.);
#2396=ORIENTED_EDGE('',*,*,#1738,.T.);
#2397=ORIENTED_EDGE('',*,*,#1776,.T.);
#2398=ORIENTED_EDGE('',*,*,#1777,.F.);
#2399=ORIENTED_EDGE('',*,*,#1778,.F.);
#2400=ORIENTED_EDGE('',*,*,#1737,.T.);
#2401=ORIENTED_EDGE('',*,*,#1779,.T.);
#2402=ORIENTED_EDGE('',*,*,#1780,.F.);
#2403=ORIENTED_EDGE('',*,*,#1776,.F.);
#2404=ORIENTED_EDGE('',*,*,#1734,.T.);
#2405=ORIENTED_EDGE('',*,*,#1781,.T.);
#2406=ORIENTED_EDGE('',*,*,#1782,.F.);
#2407=ORIENTED_EDGE('',*,*,#1783,.F.);
#2408=ORIENTED_EDGE('',*,*,#1733,.T.);
#2409=ORIENTED_EDGE('',*,*,#1784,.T.);
#2410=ORIENTED_EDGE('',*,*,#1785,.F.);
#2411=ORIENTED_EDGE('',*,*,#1781,.F.);
#2412=ORIENTED_EDGE('',*,*,#1730,.T.);
#2413=ORIENTED_EDGE('',*,*,#1786,.T.);
#2414=ORIENTED_EDGE('',*,*,#1787,.F.);
#2415=ORIENTED_EDGE('',*,*,#1788,.F.);
#2416=ORIENTED_EDGE('',*,*,#1729,.T.);
#2417=ORIENTED_EDGE('',*,*,#1789,.T.);
#2418=ORIENTED_EDGE('',*,*,#1790,.F.);
#2419=ORIENTED_EDGE('',*,*,#1786,.F.);
#2420=ORIENTED_EDGE('',*,*,#1726,.T.);
#2421=ORIENTED_EDGE('',*,*,#1791,.T.);
#2422=ORIENTED_EDGE('',*,*,#1792,.F.);
#2423=ORIENTED_EDGE('',*,*,#1793,.F.);
#2424=ORIENTED_EDGE('',*,*,#1725,.T.);
#2425=ORIENTED_EDGE('',*,*,#1794,.T.);
#2426=ORIENTED_EDGE('',*,*,#1795,.F.);
#2427=ORIENTED_EDGE('',*,*,#1791,.F.);
#2428=ORIENTED_EDGE('',*,*,#1722,.T.);
#2429=ORIENTED_EDGE('',*,*,#1796,.T.);
#2430=ORIENTED_EDGE('',*,*,#1797,.F.);
#2431=ORIENTED_EDGE('',*,*,#1798,.F.);
#2432=ORIENTED_EDGE('',*,*,#1721,.T.);
#2433=ORIENTED_EDGE('',*,*,#1799,.T.);
#2434=ORIENTED_EDGE('',*,*,#1800,.F.);
#2435=ORIENTED_EDGE('',*,*,#1796,.F.);
#2436=ORIENTED_EDGE('',*,*,#1718,.T.);
#2437=ORIENTED_EDGE('',*,*,#1801,.T.);
#2438=ORIENTED_EDGE('',*,*,#1802,.F.);
#2439=ORIENTED_EDGE('',*,*,#1803,.F.);
#2440=ORIENTED_EDGE('',*,*,#1717,.T.);
#2441=ORIENTED_EDGE('',*,*,#1804,.T.);
#2442=ORIENTED_EDGE('',*,*,#1805,.F.);
#2443=ORIENTED_EDGE('',*,*,#1801,.F.);
#2444=ORIENTED_EDGE('',*,*,#1714,.T.);
#2445=ORIENTED_EDGE('',*,*,#1806,.T.);
#2446=ORIENTED_EDGE('',*,*,#1807,.F.);
#2447=ORIENTED_EDGE('',*,*,#1808,.F.);
#2448=ORIENTED_EDGE('',*,*,#1713,.T.);
#2449=ORIENTED_EDGE('',*,*,#1809,.T.);
#2450=ORIENTED_EDGE('',*,*,#1810,.F.);
#2451=ORIENTED_EDGE('',*,*,#1806,.F.);
#2452=ORIENTED_EDGE('',*,*,#1710,.T.);
#2453=ORIENTED_EDGE('',*,*,#1811,.T.);
#2454=ORIENTED_EDGE('',*,*,#1812,.F.);
#2455=ORIENTED_EDGE('',*,*,#1813,.F.);
#2456=ORIENTED_EDGE('',*,*,#1709,.T.);
#2457=ORIENTED_EDGE('',*,*,#1814,.T.);
#2458=ORIENTED_EDGE('',*,*,#1815,.F.);
#2459=ORIENTED_EDGE('',*,*,#1811,.F.);
#2460=ORIENTED_EDGE('',*,*,#1706,.T.);
#2461=ORIENTED_EDGE('',*,*,#1816,.T.);
#2462=ORIENTED_EDGE('',*,*,#1817,.F.);
#2463=ORIENTED_EDGE('',*,*,#1818,.F.);
#2464=ORIENTED_EDGE('',*,*,#1705,.T.);
#2465=ORIENTED_EDGE('',*,*,#1819,.T.);
#2466=ORIENTED_EDGE('',*,*,#1820,.F.);
#2467=ORIENTED_EDGE('',*,*,#1816,.F.);
#2468=ORIENTED_EDGE('',*,*,#1702,.T.);
#2469=ORIENTED_EDGE('',*,*,#1821,.T.);
#2470=ORIENTED_EDGE('',*,*,#1822,.F.);
#2471=ORIENTED_EDGE('',*,*,#1823,.F.);
#2472=ORIENTED_EDGE('',*,*,#1701,.T.);
#2473=ORIENTED_EDGE('',*,*,#1824,.T.);
#2474=ORIENTED_EDGE('',*,*,#1825,.F.);
#2475=ORIENTED_EDGE('',*,*,#1821,.F.);
#2476=ORIENTED_EDGE('',*,*,#1698,.T.);
#2477=ORIENTED_EDGE('',*,*,#1826,.T.);
#2478=ORIENTED_EDGE('',*,*,#1827,.F.);
#2479=ORIENTED_EDGE('',*,*,#1828,.F.);
#2480=ORIENTED_EDGE('',*,*,#1697,.T.);
#2481=ORIENTED_EDGE('',*,*,#1829,.T.);
#2482=ORIENTED_EDGE('',*,*,#1830,.F.);
#2483=ORIENTED_EDGE('',*,*,#1826,.F.);
#2484=ORIENTED_EDGE('',*,*,#1694,.T.);
#2485=ORIENTED_EDGE('',*,*,#1831,.T.);
#2486=ORIENTED_EDGE('',*,*,#1832,.F.);
#2487=ORIENTED_EDGE('',*,*,#1833,.F.);
#2488=ORIENTED_EDGE('',*,*,#1693,.T.);
#2489=ORIENTED_EDGE('',*,*,#1834,.T.);
#2490=ORIENTED_EDGE('',*,*,#1835,.F.);
#2491=ORIENTED_EDGE('',*,*,#1831,.F.);
#2492=ORIENTED_EDGE('',*,*,#1687,.T.);
#2493=ORIENTED_EDGE('',*,*,#1836,.T.);
#2494=ORIENTED_EDGE('',*,*,#1837,.F.);
#2495=ORIENTED_EDGE('',*,*,#1838,.F.);
#2496=ORIENTED_EDGE('',*,*,#1686,.T.);
#2497=ORIENTED_EDGE('',*,*,#1839,.T.);
#2498=ORIENTED_EDGE('',*,*,#1840,.F.);
#2499=ORIENTED_EDGE('',*,*,#1836,.F.);
#2500=ORIENTED_EDGE('',*,*,#1755,.T.);
#2501=ORIENTED_EDGE('',*,*,#1841,.T.);
#2502=ORIENTED_EDGE('',*,*,#1842,.F.);
#2503=ORIENTED_EDGE('',*,*,#1759,.F.);
#2504=ORIENTED_EDGE('',*,*,#1754,.T.);
#2505=ORIENTED_EDGE('',*,*,#1758,.T.);
#2506=ORIENTED_EDGE('',*,*,#1843,.F.);
#2507=ORIENTED_EDGE('',*,*,#1841,.F.);
#2508=ORIENTED_EDGE('',*,*,#1692,.T.);
#2509=ORIENTED_EDGE('',*,*,#1844,.T.);
#2510=ORIENTED_EDGE('',*,*,#1845,.F.);
#2511=ORIENTED_EDGE('',*,*,#1834,.F.);
#2512=ORIENTED_EDGE('',*,*,#1695,.T.);
#2513=ORIENTED_EDGE('',*,*,#1833,.T.);
#2514=ORIENTED_EDGE('',*,*,#1846,.F.);
#2515=ORIENTED_EDGE('',*,*,#1844,.F.);
#2516=ORIENTED_EDGE('',*,*,#1696,.T.);
#2517=ORIENTED_EDGE('',*,*,#1847,.T.);
#2518=ORIENTED_EDGE('',*,*,#1848,.F.);
#2519=ORIENTED_EDGE('',*,*,#1829,.F.);
#2520=ORIENTED_EDGE('',*,*,#1699,.T.);
#2521=ORIENTED_EDGE('',*,*,#1828,.T.);
#2522=ORIENTED_EDGE('',*,*,#1849,.F.);
#2523=ORIENTED_EDGE('',*,*,#1847,.F.);
#2524=ORIENTED_EDGE('',*,*,#1748,.T.);
#2525=ORIENTED_EDGE('',*,*,#1850,.T.);
#2526=ORIENTED_EDGE('',*,*,#1851,.F.);
#2527=ORIENTED_EDGE('',*,*,#1764,.F.);
#2528=ORIENTED_EDGE('',*,*,#1751,.T.);
#2529=ORIENTED_EDGE('',*,*,#1763,.T.);
#2530=ORIENTED_EDGE('',*,*,#1852,.F.);
#2531=ORIENTED_EDGE('',*,*,#1850,.F.);
#2532=ORIENTED_EDGE('',*,*,#1744,.T.);
#2533=ORIENTED_EDGE('',*,*,#1853,.T.);
#2534=ORIENTED_EDGE('',*,*,#1854,.F.);
#2535=ORIENTED_EDGE('',*,*,#1769,.F.);
#2536=ORIENTED_EDGE('',*,*,#1747,.T.);
#2537=ORIENTED_EDGE('',*,*,#1768,.T.);
#2538=ORIENTED_EDGE('',*,*,#1855,.F.);
#2539=ORIENTED_EDGE('',*,*,#1853,.F.);
#2540=ORIENTED_EDGE('',*,*,#1703,.T.);
#2541=ORIENTED_EDGE('',*,*,#1823,.T.);
#2542=ORIENTED_EDGE('',*,*,#1856,.F.);
#2543=ORIENTED_EDGE('',*,*,#1857,.F.);
#2544=ORIENTED_EDGE('',*,*,#1700,.T.);
#2545=ORIENTED_EDGE('',*,*,#1857,.T.);
#2546=ORIENTED_EDGE('',*,*,#1858,.F.);
#2547=ORIENTED_EDGE('',*,*,#1824,.F.);
#2548=ORIENTED_EDGE('',*,*,#1740,.T.);
#2549=ORIENTED_EDGE('',*,*,#1859,.T.);
#2550=ORIENTED_EDGE('',*,*,#1860,.F.);
#2551=ORIENTED_EDGE('',*,*,#1774,.F.);
#2552=ORIENTED_EDGE('',*,*,#1743,.T.);
#2553=ORIENTED_EDGE('',*,*,#1773,.T.);
#2554=ORIENTED_EDGE('',*,*,#1861,.F.);
#2555=ORIENTED_EDGE('',*,*,#1859,.F.);
#2556=ORIENTED_EDGE('',*,*,#1707,.T.);
#2557=ORIENTED_EDGE('',*,*,#1818,.T.);
#2558=ORIENTED_EDGE('',*,*,#1862,.F.);
#2559=ORIENTED_EDGE('',*,*,#1863,.F.);
#2560=ORIENTED_EDGE('',*,*,#1704,.T.);
#2561=ORIENTED_EDGE('',*,*,#1863,.T.);
#2562=ORIENTED_EDGE('',*,*,#1864,.F.);
#2563=ORIENTED_EDGE('',*,*,#1819,.F.);
#2564=ORIENTED_EDGE('',*,*,#1739,.T.);
#2565=ORIENTED_EDGE('',*,*,#1778,.T.);
#2566=ORIENTED_EDGE('',*,*,#1865,.F.);
#2567=ORIENTED_EDGE('',*,*,#1866,.F.);
#2568=ORIENTED_EDGE('',*,*,#1736,.T.);
#2569=ORIENTED_EDGE('',*,*,#1866,.T.);
#2570=ORIENTED_EDGE('',*,*,#1867,.F.);
#2571=ORIENTED_EDGE('',*,*,#1779,.F.);
#2572=ORIENTED_EDGE('',*,*,#1708,.T.);
#2573=ORIENTED_EDGE('',*,*,#1868,.T.);
#2574=ORIENTED_EDGE('',*,*,#1869,.F.);
#2575=ORIENTED_EDGE('',*,*,#1814,.F.);
#2576=ORIENTED_EDGE('',*,*,#1711,.T.);
#2577=ORIENTED_EDGE('',*,*,#1813,.T.);
#2578=ORIENTED_EDGE('',*,*,#1870,.F.);
#2579=ORIENTED_EDGE('',*,*,#1868,.F.);
#2580=ORIENTED_EDGE('',*,*,#1735,.T.);
#2581=ORIENTED_EDGE('',*,*,#1783,.T.);
#2582=ORIENTED_EDGE('',*,*,#1871,.F.);
#2583=ORIENTED_EDGE('',*,*,#1872,.F.);
#2584=ORIENTED_EDGE('',*,*,#1732,.T.);
#2585=ORIENTED_EDGE('',*,*,#1872,.T.);
#2586=ORIENTED_EDGE('',*,*,#1873,.F.);
#2587=ORIENTED_EDGE('',*,*,#1784,.F.);
#2588=ORIENTED_EDGE('',*,*,#1715,.T.);
#2589=ORIENTED_EDGE('',*,*,#1808,.T.);
#2590=ORIENTED_EDGE('',*,*,#1874,.F.);
#2591=ORIENTED_EDGE('',*,*,#1875,.F.);
#2592=ORIENTED_EDGE('',*,*,#1712,.T.);
#2593=ORIENTED_EDGE('',*,*,#1875,.T.);
#2594=ORIENTED_EDGE('',*,*,#1876,.F.);
#2595=ORIENTED_EDGE('',*,*,#1809,.F.);
#2596=ORIENTED_EDGE('',*,*,#1731,.T.);
#2597=ORIENTED_EDGE('',*,*,#1788,.T.);
#2598=ORIENTED_EDGE('',*,*,#1877,.F.);
#2599=ORIENTED_EDGE('',*,*,#1878,.F.);
#2600=ORIENTED_EDGE('',*,*,#1728,.T.);
#2601=ORIENTED_EDGE('',*,*,#1878,.T.);
#2602=ORIENTED_EDGE('',*,*,#1879,.F.);
#2603=ORIENTED_EDGE('',*,*,#1789,.F.);
#2604=ORIENTED_EDGE('',*,*,#1719,.T.);
#2605=ORIENTED_EDGE('',*,*,#1803,.T.);
#2606=ORIENTED_EDGE('',*,*,#1880,.F.);
#2607=ORIENTED_EDGE('',*,*,#1881,.F.);
#2608=ORIENTED_EDGE('',*,*,#1716,.T.);
#2609=ORIENTED_EDGE('',*,*,#1881,.T.);
#2610=ORIENTED_EDGE('',*,*,#1882,.F.);
#2611=ORIENTED_EDGE('',*,*,#1804,.F.);
#2612=ORIENTED_EDGE('',*,*,#1727,.T.);
#2613=ORIENTED_EDGE('',*,*,#1793,.T.);
#2614=ORIENTED_EDGE('',*,*,#1883,.F.);
#2615=ORIENTED_EDGE('',*,*,#1884,.F.);
#2616=ORIENTED_EDGE('',*,*,#1724,.T.);
#2617=ORIENTED_EDGE('',*,*,#1884,.T.);
#2618=ORIENTED_EDGE('',*,*,#1885,.F.);
#2619=ORIENTED_EDGE('',*,*,#1794,.F.);
#2620=ORIENTED_EDGE('',*,*,#1720,.T.);
#2621=ORIENTED_EDGE('',*,*,#1886,.T.);
#2622=ORIENTED_EDGE('',*,*,#1887,.F.);
#2623=ORIENTED_EDGE('',*,*,#1799,.F.);
#2624=ORIENTED_EDGE('',*,*,#1723,.T.);
#2625=ORIENTED_EDGE('',*,*,#1798,.T.);
#2626=ORIENTED_EDGE('',*,*,#1888,.F.);
#2627=ORIENTED_EDGE('',*,*,#1886,.F.);
#2628=ORIENTED_EDGE('',*,*,#1689,.T.);
#2629=ORIENTED_EDGE('',*,*,#1889,.T.);
#2630=ORIENTED_EDGE('',*,*,#1890,.F.);
#2631=ORIENTED_EDGE('',*,*,#1889,.F.);
#2632=ORIENTED_EDGE('',*,*,#1691,.T.);
#2633=ORIENTED_EDGE('',*,*,#1891,.T.);
#2634=ORIENTED_EDGE('',*,*,#1892,.F.);
#2635=ORIENTED_EDGE('',*,*,#1891,.F.);
#2636=ORIENTED_EDGE('',*,*,#1688,.T.);
#2637=ORIENTED_EDGE('',*,*,#1893,.T.);
#2638=ORIENTED_EDGE('',*,*,#1894,.F.);
#2639=ORIENTED_EDGE('',*,*,#1893,.F.);
#2640=ORIENTED_EDGE('',*,*,#1690,.T.);
#2641=ORIENTED_EDGE('',*,*,#1895,.T.);
#2642=ORIENTED_EDGE('',*,*,#1896,.F.);
#2643=ORIENTED_EDGE('',*,*,#1895,.F.);
#2644=ORIENTED_EDGE('',*,*,#1685,.T.);
#2645=ORIENTED_EDGE('',*,*,#1897,.T.);
#2646=ORIENTED_EDGE('',*,*,#1898,.F.);
#2647=ORIENTED_EDGE('',*,*,#1839,.F.);
#2648=ORIENTED_EDGE('',*,*,#1684,.T.);
#2649=ORIENTED_EDGE('',*,*,#1838,.T.);
#2650=ORIENTED_EDGE('',*,*,#1899,.F.);
#2651=ORIENTED_EDGE('',*,*,#1897,.F.);
#2652=ORIENTED_EDGE('',*,*,#1899,.T.);
#2653=ORIENTED_EDGE('',*,*,#1837,.T.);
#2654=ORIENTED_EDGE('',*,*,#1840,.T.);
#2655=ORIENTED_EDGE('',*,*,#1898,.T.);
#2656=ORIENTED_EDGE('',*,*,#1864,.T.);
#2657=ORIENTED_EDGE('',*,*,#1862,.T.);
#2658=ORIENTED_EDGE('',*,*,#1817,.T.);
#2659=ORIENTED_EDGE('',*,*,#1820,.T.);
#2660=ORIENTED_EDGE('',*,*,#1760,.T.);
#2661=ORIENTED_EDGE('',*,*,#1842,.T.);
#2662=ORIENTED_EDGE('',*,*,#1843,.T.);
#2663=ORIENTED_EDGE('',*,*,#1757,.T.);
#2664=ORIENTED_EDGE('',*,*,#1765,.T.);
#2665=ORIENTED_EDGE('',*,*,#1851,.T.);
#2666=ORIENTED_EDGE('',*,*,#1852,.T.);
#2667=ORIENTED_EDGE('',*,*,#1762,.T.);
#2668=ORIENTED_EDGE('',*,*,#1885,.T.);
#2669=ORIENTED_EDGE('',*,*,#1883,.T.);
#2670=ORIENTED_EDGE('',*,*,#1792,.T.);
#2671=ORIENTED_EDGE('',*,*,#1795,.T.);
#2672=ORIENTED_EDGE('',*,*,#1812,.T.);
#2673=ORIENTED_EDGE('',*,*,#1815,.T.);
#2674=ORIENTED_EDGE('',*,*,#1869,.T.);
#2675=ORIENTED_EDGE('',*,*,#1870,.T.);
#2676=ORIENTED_EDGE('',*,*,#1767,.T.);
#2677=ORIENTED_EDGE('',*,*,#1770,.T.);
#2678=ORIENTED_EDGE('',*,*,#1854,.T.);
#2679=ORIENTED_EDGE('',*,*,#1855,.T.);
#2680=ORIENTED_EDGE('',*,*,#1896,.T.);
#2681=ORIENTED_EDGE('',*,*,#1894,.T.);
#2682=ORIENTED_EDGE('',*,*,#1892,.T.);
#2683=ORIENTED_EDGE('',*,*,#1890,.T.);
#2684=ORIENTED_EDGE('',*,*,#1882,.T.);
#2685=ORIENTED_EDGE('',*,*,#1880,.T.);
#2686=ORIENTED_EDGE('',*,*,#1802,.T.);
#2687=ORIENTED_EDGE('',*,*,#1805,.T.);
#2688=ORIENTED_EDGE('',*,*,#1858,.T.);
#2689=ORIENTED_EDGE('',*,*,#1856,.T.);
#2690=ORIENTED_EDGE('',*,*,#1822,.T.);
#2691=ORIENTED_EDGE('',*,*,#1825,.T.);
#2692=ORIENTED_EDGE('',*,*,#1871,.T.);
#2693=ORIENTED_EDGE('',*,*,#1782,.T.);
#2694=ORIENTED_EDGE('',*,*,#1785,.T.);
#2695=ORIENTED_EDGE('',*,*,#1873,.T.);
#2696=ORIENTED_EDGE('',*,*,#1865,.T.);
#2697=ORIENTED_EDGE('',*,*,#1777,.T.);
#2698=ORIENTED_EDGE('',*,*,#1780,.T.);
#2699=ORIENTED_EDGE('',*,*,#1867,.T.);
#2700=ORIENTED_EDGE('',*,*,#1835,.T.);
#2701=ORIENTED_EDGE('',*,*,#1845,.T.);
#2702=ORIENTED_EDGE('',*,*,#1846,.T.);
#2703=ORIENTED_EDGE('',*,*,#1832,.T.);
#2704=ORIENTED_EDGE('',*,*,#1830,.T.);
#2705=ORIENTED_EDGE('',*,*,#1848,.T.);
#2706=ORIENTED_EDGE('',*,*,#1849,.T.);
#2707=ORIENTED_EDGE('',*,*,#1827,.T.);
#2708=ORIENTED_EDGE('',*,*,#1772,.T.);
#2709=ORIENTED_EDGE('',*,*,#1775,.T.);
#2710=ORIENTED_EDGE('',*,*,#1860,.T.);
#2711=ORIENTED_EDGE('',*,*,#1861,.T.);
#2712=ORIENTED_EDGE('',*,*,#1876,.T.);
#2713=ORIENTED_EDGE('',*,*,#1874,.T.);
#2714=ORIENTED_EDGE('',*,*,#1807,.T.);
#2715=ORIENTED_EDGE('',*,*,#1810,.T.);
#2716=ORIENTED_EDGE('',*,*,#1800,.T.);
#2717=ORIENTED_EDGE('',*,*,#1887,.T.);
#2718=ORIENTED_EDGE('',*,*,#1888,.T.);
#2719=ORIENTED_EDGE('',*,*,#1797,.T.);
#2720=ORIENTED_EDGE('',*,*,#1879,.T.);
#2721=ORIENTED_EDGE('',*,*,#1877,.T.);
#2722=ORIENTED_EDGE('',*,*,#1787,.T.);
#2723=ORIENTED_EDGE('',*,*,#1790,.T.);
#2724=PLANE('',#3026);
#2725=PLANE('',#3031);
#2726=PLANE('',#3032);
#2727=PLANE('',#3033);
#2728=PLANE('',#3034);
#2729=PLANE('',#3035);
#2730=PLANE('',#3036);
#2731=PLANE('',#3037);
#2732=PLANE('',#3038);
#2733=PLANE('',#3039);
#2734=PLANE('',#3040);
#2735=PLANE('',#3041);
#2736=PLANE('',#3042);
#2737=PLANE('',#3047);
#2738=PLANE('',#3048);
#2739=PLANE('',#3049);
#2740=PLANE('',#3050);
#2741=PLANE('',#3051);
#2742=PLANE('',#3055);
#2743=PLANE('',#3058);
#2744=PLANE('',#3061);
#2745=PLANE('',#3063);
#2746=PLANE('',#3065);
#2747=PLANE('',#3066);
#2748=PLANE('',#3086);
#2749=PLANE('',#3089);
#2750=PLANE('',#3092);
#2751=PLANE('',#3095);
#2752=PLANE('',#3096);
#2753=PLANE('',#3097);
#2754=PLANE('',#3098);
#2755=PLANE('',#3099);
#2756=PLANE('',#3100);
#2757=PLANE('',#3101);
#2758=PLANE('',#3103);
#2759=PLANE('',#3105);
#2760=PLANE('',#3107);
#2761=PLANE('',#3108);
#2762=PLANE('',#3130);
#2763=PLANE('',#3131);
#2764=PLANE('',#3132);
#2765=PLANE('',#3133);
#2766=PLANE('',#3134);
#2767=PLANE('',#3135);
#2768=PLANE('',#3136);
#2769=PLANE('',#3140);
#2770=PLANE('',#3149);
#2771=PLANE('',#3150);
#2772=PLANE('',#3151);
#2773=PLANE('',#3152);
#2774=PLANE('',#3153);
#2775=PLANE('',#3155);
#2776=PLANE('',#3158);
#2777=PLANE('',#3161);
#2778=PLANE('',#3166);
#2779=PLANE('',#3167);
#2780=PLANE('',#3168);
#2781=PLANE('',#3169);
#2782=PLANE('',#3170);
#2783=PLANE('',#3171);
#2784=PLANE('',#3172);
#2785=PLANE('',#3173);
#2786=PLANE('',#3174);
#2787=PLANE('',#3175);
#2788=PLANE('',#3176);
#2789=PLANE('',#3177);
#2790=PLANE('',#3178);
#2791=PLANE('',#3179);
#2792=PLANE('',#3180);
#2793=PLANE('',#3181);
#2794=PLANE('',#3182);
#2795=PLANE('',#3183);
#2796=PLANE('',#3184);
#2797=PLANE('',#3185);
#2798=PLANE('',#3186);
#2799=PLANE('',#3187);
#2800=PLANE('',#3188);
#2801=PLANE('',#3189);
#2802=PLANE('',#3190);
#2803=PLANE('',#3191);
#2804=PLANE('',#3192);
#2805=PLANE('',#3193);
#2806=PLANE('',#3194);
#2807=PLANE('',#3195);
#2808=PLANE('',#3196);
#2809=PLANE('',#3197);
#2810=PLANE('',#3198);
#2811=PLANE('',#3199);
#2812=PLANE('',#3200);
#2813=PLANE('',#3201);
#2814=PLANE('',#3202);
#2815=PLANE('',#3203);
#2816=PLANE('',#3204);
#2817=PLANE('',#3205);
#2818=PLANE('',#3206);
#2819=PLANE('',#3207);
#2820=PLANE('',#3208);
#2821=PLANE('',#3209);
#2822=PLANE('',#3210);
#2823=PLANE('',#3211);
#2824=PLANE('',#3212);
#2825=PLANE('',#3213);
#2826=PLANE('',#3214);
#2827=PLANE('',#3215);
#2828=PLANE('',#3216);
#2829=PLANE('',#3217);
#2830=PLANE('',#3218);
#2831=PLANE('',#3219);
#2832=PLANE('',#3220);
#2833=PLANE('',#3221);
#2834=PLANE('',#3222);
#2835=PLANE('',#3223);
#2836=PLANE('',#3224);
#2837=PLANE('',#3225);
#2838=PLANE('',#3226);
#2839=PLANE('',#3227);
#2840=PLANE('',#3228);
#2841=PLANE('',#3229);
#2842=PLANE('',#3230);
#2843=PLANE('',#3231);
#2844=PLANE('',#3240);
#2845=PLANE('',#3241);
#2846=PLANE('',#3242);
#2847=ADVANCED_FACE('',(#112,#60),#2724,.T.);
#2848=ADVANCED_FACE('',(#113),#2725,.F.);
#2849=ADVANCED_FACE('',(#114,#61,#62),#2726,.F.);
#2850=ADVANCED_FACE('',(#115),#2727,.F.);
#2851=ADVANCED_FACE('',(#116),#2728,.F.);
#2852=ADVANCED_FACE('',(#117),#2729,.T.);
#2853=ADVANCED_FACE('',(#118,#63,#64),#2730,.T.);
#2854=ADVANCED_FACE('',(#119),#2731,.F.);
#2855=ADVANCED_FACE('',(#120),#2732,.T.);
#2856=ADVANCED_FACE('',(#121),#2733,.T.);
#2857=ADVANCED_FACE('',(#122),#2734,.T.);
#2858=ADVANCED_FACE('',(#123,#65),#2735,.F.);
#2859=ADVANCED_FACE('',(#124),#2736,.F.);
#2860=ADVANCED_FACE('',(#125),#37,.T.);
#2861=ADVANCED_FACE('',(#126),#38,.T.);
#2862=ADVANCED_FACE('',(#127),#2737,.T.);
#2863=ADVANCED_FACE('',(#128),#2738,.T.);
#2864=ADVANCED_FACE('',(#129),#2739,.T.);
#2865=ADVANCED_FACE('',(#130),#2740,.T.);
#2866=ADVANCED_FACE('',(#131),#2741,.T.);
#2867=ADVANCED_FACE('',(#132),#2742,.F.);
#2868=ADVANCED_FACE('',(#133),#2743,.F.);
#2869=ADVANCED_FACE('',(#134),#2744,.F.);
#2870=ADVANCED_FACE('',(#135),#2745,.T.);
#2871=ADVANCED_FACE('',(#136),#2746,.F.);
#2872=ADVANCED_FACE('',(#137),#2747,.F.);
#2873=ADVANCED_FACE('',(#138),#39,.T.);
#2874=ADVANCED_FACE('',(#139),#40,.T.);
#2875=ADVANCED_FACE('',(#140),#41,.T.);
#2876=ADVANCED_FACE('',(#141),#42,.T.);
#2877=ADVANCED_FACE('',(#142),#43,.T.);
#2878=ADVANCED_FACE('',(#143),#2748,.F.);
#2879=ADVANCED_FACE('',(#144),#2749,.F.);
#2880=ADVANCED_FACE('',(#145),#2750,.F.);
#2881=ADVANCED_FACE('',(#146),#2751,.F.);
#2882=ADVANCED_FACE('',(#147),#2752,.F.);
#2883=ADVANCED_FACE('',(#148),#2753,.F.);
#2884=ADVANCED_FACE('',(#149),#2754,.F.);
#2885=ADVANCED_FACE('',(#150),#2755,.F.);
#2886=ADVANCED_FACE('',(#151),#2756,.F.);
#2887=ADVANCED_FACE('',(#152),#2757,.T.);
#2888=ADVANCED_FACE('',(#153),#2758,.T.);
#2889=ADVANCED_FACE('',(#154),#2759,.T.);
#2890=ADVANCED_FACE('',(#155),#2760,.T.);
#2891=ADVANCED_FACE('',(#156,#66,#67),#2761,.T.);
#2892=ADVANCED_FACE('',(#157),#33,.T.);
#2893=ADVANCED_FACE('',(#158),#34,.T.);
#2894=ADVANCED_FACE('',(#159),#44,.T.);
#2895=ADVANCED_FACE('',(#160),#35,.T.);
#2896=ADVANCED_FACE('',(#161),#45,.T.);
#2897=ADVANCED_FACE('',(#162),#46,.T.);
#2898=ADVANCED_FACE('',(#163),#36,.T.);
#2899=ADVANCED_FACE('',(#164),#47,.T.);
#2900=ADVANCED_FACE('',(#165),#48,.T.);
#2901=ADVANCED_FACE('',(#166),#49,.T.);
#2902=ADVANCED_FACE('',(#167),#2762,.F.);
#2903=ADVANCED_FACE('',(#168),#2763,.F.);
#2904=ADVANCED_FACE('',(#169),#2764,.T.);
#2905=ADVANCED_FACE('',(#170),#2765,.F.);
#2906=ADVANCED_FACE('',(#171),#2766,.F.);
#2907=ADVANCED_FACE('',(#172),#2767,.F.);
#2908=ADVANCED_FACE('',(#173),#2768,.F.);
#2909=ADVANCED_FACE('',(#174),#50,.F.);
#2910=ADVANCED_FACE('',(#175),#2769,.T.);
#2911=ADVANCED_FACE('',(#176),#51,.F.);
#2912=ADVANCED_FACE('',(#177),#52,.F.);
#2913=ADVANCED_FACE('',(#178),#53,.F.);
#2914=ADVANCED_FACE('',(#179),#54,.T.);
#2915=ADVANCED_FACE('',(#180,#68),#2770,.T.);
#2916=ADVANCED_FACE('',(#181,#69),#2771,.T.);
#2917=ADVANCED_FACE('',(#182,#70),#2772,.T.);
#2918=ADVANCED_FACE('',(#183,#71),#2773,.T.);
#2919=ADVANCED_FACE('',(#184),#2774,.F.);
#2920=ADVANCED_FACE('',(#185),#2775,.F.);
#2921=ADVANCED_FACE('',(#186),#55,.T.);
#2922=ADVANCED_FACE('',(#187),#2776,.T.);
#2923=ADVANCED_FACE('',(#188,#72,#73,#74,#75,#76,#77,#78,#79,#80,#81,#82,
#83,#84,#85,#86,#87,#88,#89,#90,#91),#2777,.F.);
#2924=ADVANCED_FACE('',(#189),#2778,.F.);
#2925=ADVANCED_FACE('',(#190),#2779,.F.);
#2926=ADVANCED_FACE('',(#191),#2780,.F.);
#2927=ADVANCED_FACE('',(#192),#2781,.F.);
#2928=ADVANCED_FACE('',(#193),#2782,.F.);
#2929=ADVANCED_FACE('',(#194),#2783,.F.);
#2930=ADVANCED_FACE('',(#195),#2784,.F.);
#2931=ADVANCED_FACE('',(#196),#2785,.F.);
#2932=ADVANCED_FACE('',(#197),#2786,.F.);
#2933=ADVANCED_FACE('',(#198),#2787,.F.);
#2934=ADVANCED_FACE('',(#199),#2788,.F.);
#2935=ADVANCED_FACE('',(#200),#2789,.F.);
#2936=ADVANCED_FACE('',(#201),#2790,.F.);
#2937=ADVANCED_FACE('',(#202),#2791,.F.);
#2938=ADVANCED_FACE('',(#203),#2792,.F.);
#2939=ADVANCED_FACE('',(#204),#2793,.F.);
#2940=ADVANCED_FACE('',(#205),#2794,.F.);
#2941=ADVANCED_FACE('',(#206),#2795,.F.);
#2942=ADVANCED_FACE('',(#207),#2796,.F.);
#2943=ADVANCED_FACE('',(#208),#2797,.F.);
#2944=ADVANCED_FACE('',(#209),#2798,.F.);
#2945=ADVANCED_FACE('',(#210),#2799,.F.);
#2946=ADVANCED_FACE('',(#211),#2800,.F.);
#2947=ADVANCED_FACE('',(#212),#2801,.F.);
#2948=ADVANCED_FACE('',(#213),#2802,.F.);
#2949=ADVANCED_FACE('',(#214),#2803,.F.);
#2950=ADVANCED_FACE('',(#215),#2804,.F.);
#2951=ADVANCED_FACE('',(#216),#2805,.F.);
#2952=ADVANCED_FACE('',(#217),#2806,.F.);
#2953=ADVANCED_FACE('',(#218),#2807,.F.);
#2954=ADVANCED_FACE('',(#219),#2808,.F.);
#2955=ADVANCED_FACE('',(#220),#2809,.F.);
#2956=ADVANCED_FACE('',(#221),#2810,.T.);
#2957=ADVANCED_FACE('',(#222),#2811,.T.);
#2958=ADVANCED_FACE('',(#223),#2812,.F.);
#2959=ADVANCED_FACE('',(#224),#2813,.F.);
#2960=ADVANCED_FACE('',(#225),#2814,.F.);
#2961=ADVANCED_FACE('',(#226),#2815,.F.);
#2962=ADVANCED_FACE('',(#227),#2816,.F.);
#2963=ADVANCED_FACE('',(#228),#2817,.F.);
#2964=ADVANCED_FACE('',(#229),#2818,.F.);
#2965=ADVANCED_FACE('',(#230),#2819,.F.);
#2966=ADVANCED_FACE('',(#231),#2820,.F.);
#2967=ADVANCED_FACE('',(#232),#2821,.F.);
#2968=ADVANCED_FACE('',(#233),#2822,.F.);
#2969=ADVANCED_FACE('',(#234),#2823,.F.);
#2970=ADVANCED_FACE('',(#235),#2824,.F.);
#2971=ADVANCED_FACE('',(#236),#2825,.F.);
#2972=ADVANCED_FACE('',(#237),#2826,.F.);
#2973=ADVANCED_FACE('',(#238),#2827,.F.);
#2974=ADVANCED_FACE('',(#239),#2828,.F.);
#2975=ADVANCED_FACE('',(#240),#2829,.F.);
#2976=ADVANCED_FACE('',(#241),#2830,.F.);
#2977=ADVANCED_FACE('',(#242),#2831,.F.);
#2978=ADVANCED_FACE('',(#243),#2832,.F.);
#2979=ADVANCED_FACE('',(#244),#2833,.F.);
#2980=ADVANCED_FACE('',(#245),#2834,.F.);
#2981=ADVANCED_FACE('',(#246),#2835,.F.);
#2982=ADVANCED_FACE('',(#247),#2836,.F.);
#2983=ADVANCED_FACE('',(#248),#2837,.F.);
#2984=ADVANCED_FACE('',(#249),#2838,.F.);
#2985=ADVANCED_FACE('',(#250),#2839,.F.);
#2986=ADVANCED_FACE('',(#251),#2840,.F.);
#2987=ADVANCED_FACE('',(#252),#2841,.F.);
#2988=ADVANCED_FACE('',(#253),#2842,.F.);
#2989=ADVANCED_FACE('',(#254),#2843,.F.);
#2990=ADVANCED_FACE('',(#255),#56,.F.);
#2991=ADVANCED_FACE('',(#256),#57,.F.);
#2992=ADVANCED_FACE('',(#257),#58,.F.);
#2993=ADVANCED_FACE('',(#258),#59,.F.);
#2994=ADVANCED_FACE('',(#259),#2844,.T.);
#2995=ADVANCED_FACE('',(#260),#2845,.T.);
#2996=ADVANCED_FACE('',(#261,#92,#93,#94,#95,#96,#97,#98,#99,#100,#101,
#102,#103,#104,#105,#106,#107,#108,#109,#110,#111),#2846,.T.);
#2997=CLOSED_SHELL('',(#2847,#2848,#2849,#2850,#2851,#2852,#2853,#2854,
#2855,#2856,#2857,#2858,#2859,#2860,#2861,#2862,#2863,#2864,#2865,#2866,
#2867,#2868,#2869,#2870,#2871,#2872,#2873,#2874,#2875,#2876,#2877,#2878,
#2879,#2880,#2881,#2882,#2883,#2884,#2885,#2886,#2887,#2888,#2889,#2890,
#2891,#2892,#2893,#2894,#2895,#2896,#2897,#2898,#2899,#2900,#2901,#2902,
#2903,#2904,#2905,#2906,#2907,#2908,#2909,#2910,#2911,#2912,#2913,#2914,
#2915,#2916,#2917,#2918));
#2998=CLOSED_SHELL('',(#2919,#2920,#2921,#2922));
#2999=CLOSED_SHELL('',(#2923,#2924,#2925,#2926,#2927,#2928,#2929,#2930,
#2931,#2932,#2933,#2934,#2935,#2936,#2937,#2938,#2939,#2940,#2941,#2942,
#2943,#2944,#2945,#2946,#2947,#2948,#2949,#2950,#2951,#2952,#2953,#2954,
#2955,#2956,#2957,#2958,#2959,#2960,#2961,#2962,#2963,#2964,#2965,#2966,
#2967,#2968,#2969,#2970,#2971,#2972,#2973,#2974,#2975,#2976,#2977,#2978,
#2979,#2980,#2981,#2982,#2983,#2984,#2985,#2986,#2987,#2988,#2989,#2990,
#2991,#2992,#2993,#2994,#2995,#2996));
#3000=DERIVED_UNIT_ELEMENT(#3004,1.);
#3001=DERIVED_UNIT_ELEMENT(#4881,-3.);
#3002=DERIVED_UNIT_ELEMENT(#3004,1.);
#3003=DERIVED_UNIT_ELEMENT(#4881,-3.);
#3004=(
MASS_UNIT()
NAMED_UNIT(*)
SI_UNIT(.KILO.,.GRAM.)
);
#3005=DERIVED_UNIT((#3000,#3001));
#3006=DERIVED_UNIT((#3002,#3003));
#3007=MEASURE_REPRESENTATION_ITEM('density measure',
POSITIVE_RATIO_MEASURE(7850.),#3005);
#3008=MEASURE_REPRESENTATION_ITEM('density measure',
POSITIVE_RATIO_MEASURE(7850.),#3006);
#3009=PROPERTY_DEFINITION_REPRESENTATION(#3019,#3013);
#3010=PROPERTY_DEFINITION_REPRESENTATION(#3020,#3014);
#3011=PROPERTY_DEFINITION_REPRESENTATION(#3021,#3015);
#3012=PROPERTY_DEFINITION_REPRESENTATION(#3022,#3016);
#3013=REPRESENTATION('material name',(#3017),#4877);
#3014=REPRESENTATION('density',(#3007),#4877);
#3015=REPRESENTATION('material name',(#3018),#4878);
#3016=REPRESENTATION('density',(#3008),#4878);
#3017=DESCRIPTIVE_REPRESENTATION_ITEM('Steel','Steel');
#3018=DESCRIPTIVE_REPRESENTATION_ITEM('Steel','Steel');
#3019=PROPERTY_DEFINITION('material property','material name',#4902);
#3020=PROPERTY_DEFINITION('material property','density of part',#4902);
#3021=PROPERTY_DEFINITION('material property','material name',#4903);
#3022=PROPERTY_DEFINITION('material property','density of part',#4903);
#3023=AXIS2_PLACEMENT_3D('',#4036,#3245,#3246);
#3024=AXIS2_PLACEMENT_3D('',#4037,#3247,#3248);
#3025=AXIS2_PLACEMENT_3D('',#4038,#3249,#3250);
#3026=AXIS2_PLACEMENT_3D('',#4039,#3251,#3252);
#3027=AXIS2_PLACEMENT_3D('',#4042,#3253,#3254);
#3028=AXIS2_PLACEMENT_3D('',#4046,#3256,#3257);
#3029=AXIS2_PLACEMENT_3D('',#4050,#3259,#3260);
#3030=AXIS2_PLACEMENT_3D('',#4054,#3262,#3263);
#3031=AXIS2_PLACEMENT_3D('',#4064,#3269,#3270);
#3032=AXIS2_PLACEMENT_3D('',#4073,#3275,#3276);
#3033=AXIS2_PLACEMENT_3D('',#4092,#3287,#3288);
#3034=AXIS2_PLACEMENT_3D('',#4098,#3292,#3293);
#3035=AXIS2_PLACEMENT_3D('',#4100,#3295,#3296);
#3036=AXIS2_PLACEMENT_3D('',#4102,#3298,#3299);
#3037=AXIS2_PLACEMENT_3D('',#4116,#3307,#3308);
#3038=AXIS2_PLACEMENT_3D('',#4120,#3311,#3312);
#3039=AXIS2_PLACEMENT_3D('',#4126,#3316,#3317);
#3040=AXIS2_PLACEMENT_3D('',#4132,#3321,#3322);
#3041=AXIS2_PLACEMENT_3D('',#4138,#3326,#3327);
#3042=AXIS2_PLACEMENT_3D('',#4150,#3334,#3335);
#3043=AXIS2_PLACEMENT_3D('',#4152,#3337,#3338);
#3044=AXIS2_PLACEMENT_3D('',#4153,#3339,#3340);
#3045=AXIS2_PLACEMENT_3D('',#4154,#3341,#3342);
#3046=AXIS2_PLACEMENT_3D('',#4155,#3343,#3344);
#3047=AXIS2_PLACEMENT_3D('',#4156,#3345,#3346);
#3048=AXIS2_PLACEMENT_3D('',#4165,#3351,#3352);
#3049=AXIS2_PLACEMENT_3D('',#4175,#3358,#3359);
#3050=AXIS2_PLACEMENT_3D('',#4184,#3364,#3365);
#3051=AXIS2_PLACEMENT_3D('',#4187,#3368,#3369);
#3052=AXIS2_PLACEMENT_3D('',#4188,#3370,#3371);
#3053=AXIS2_PLACEMENT_3D('',#4190,#3372,#3373);
#3054=AXIS2_PLACEMENT_3D('',#4191,#3374,#3375);
#3055=AXIS2_PLACEMENT_3D('',#4192,#3376,#3377);
#3056=AXIS2_PLACEMENT_3D('',#4193,#3378,#3379);
#3057=AXIS2_PLACEMENT_3D('',#4194,#3380,#3381);
#3058=AXIS2_PLACEMENT_3D('',#4195,#3382,#3383);
#3059=AXIS2_PLACEMENT_3D('',#4198,#3384,#3385);
#3060=AXIS2_PLACEMENT_3D('',#4201,#3387,#3388);
#3061=AXIS2_PLACEMENT_3D('',#4202,#3389,#3390);
#3062=AXIS2_PLACEMENT_3D('',#4204,#3391,#3392);
#3063=AXIS2_PLACEMENT_3D('',#4206,#3394,#3395);
#3064=AXIS2_PLACEMENT_3D('',#4209,#3397,#3398);
#3065=AXIS2_PLACEMENT_3D('',#4210,#3399,#3400);
#3066=AXIS2_PLACEMENT_3D('',#4213,#3403,#3404);
#3067=AXIS2_PLACEMENT_3D('',#4219,#3408,#3409);
#3068=AXIS2_PLACEMENT_3D('',#4221,#3410,#3411);
#3069=AXIS2_PLACEMENT_3D('',#4224,#3413,#3414);
#3070=AXIS2_PLACEMENT_3D('',#4228,#3416,#3417);
#3071=AXIS2_PLACEMENT_3D('',#4231,#3419,#3420);
#3072=AXIS2_PLACEMENT_3D('',#4232,#3421,#3422);
#3073=AXIS2_PLACEMENT_3D('',#4236,#3424,#3425);
#3074=AXIS2_PLACEMENT_3D('',#4238,#3427,#3428);
#3075=AXIS2_PLACEMENT_3D('',#4240,#3429,#3430);
#3076=AXIS2_PLACEMENT_3D('',#4243,#3432,#3433);
#3077=AXIS2_PLACEMENT_3D('',#4247,#3435,#3436);
#3078=AXIS2_PLACEMENT_3D('',#4250,#3438,#3439);
#3079=AXIS2_PLACEMENT_3D('',#4251,#3440,#3441);
#3080=AXIS2_PLACEMENT_3D('',#4255,#3443,#3444);
#3081=AXIS2_PLACEMENT_3D('',#4257,#3446,#3447);
#3082=AXIS2_PLACEMENT_3D('',#4259,#3448,#3449);
#3083=AXIS2_PLACEMENT_3D('',#4262,#3451,#3452);
#3084=AXIS2_PLACEMENT_3D('',#4266,#3454,#3455);
#3085=AXIS2_PLACEMENT_3D('',#4269,#3457,#3458);
#3086=AXIS2_PLACEMENT_3D('',#4270,#3459,#3460);
#3087=AXIS2_PLACEMENT_3D('',#4273,#3461,#3462);
#3088=AXIS2_PLACEMENT_3D('',#4277,#3465,#3466);
#3089=AXIS2_PLACEMENT_3D('',#4278,#3467,#3468);
#3090=AXIS2_PLACEMENT_3D('',#4281,#3469,#3470);
#3091=AXIS2_PLACEMENT_3D('',#4286,#3474,#3475);
#3092=AXIS2_PLACEMENT_3D('',#4287,#3476,#3477);
#3093=AXIS2_PLACEMENT_3D('',#4290,#3478,#3479);
#3094=AXIS2_PLACEMENT_3D('',#4295,#3483,#3484);
#3095=AXIS2_PLACEMENT_3D('',#4296,#3485,#3486);
#3096=AXIS2_PLACEMENT_3D('',#4298,#3488,#3489);
#3097=AXIS2_PLACEMENT_3D('',#4300,#3491,#3492);
#3098=AXIS2_PLACEMENT_3D('',#4309,#3497,#3498);
#3099=AXIS2_PLACEMENT_3D('',#4315,#3502,#3503);
#3100=AXIS2_PLACEMENT_3D('',#4339,#3519,#3520);
#3101=AXIS2_PLACEMENT_3D('',#4342,#3523,#3524);
#3102=AXIS2_PLACEMENT_3D('',#4343,#3525,#3526);
#3103=AXIS2_PLACEMENT_3D('',#4344,#3527,#3528);
#3104=AXIS2_PLACEMENT_3D('',#4345,#3529,#3530);
#3105=AXIS2_PLACEMENT_3D('',#4346,#3531,#3532);
#3106=AXIS2_PLACEMENT_3D('',#4347,#3533,#3534);
#3107=AXIS2_PLACEMENT_3D('',#4348,#3535,#3536);
#3108=AXIS2_PLACEMENT_3D('',#4349,#3537,#3538);
#3109=AXIS2_PLACEMENT_3D('',#4351,#3539,#3540);
#3110=AXIS2_PLACEMENT_3D('',#4352,#3541,#3542);
#3111=AXIS2_PLACEMENT_3D('',#4353,#3543,#3544);
#3112=AXIS2_PLACEMENT_3D('',#4355,#3545,#3546);
#3113=AXIS2_PLACEMENT_3D('',#4356,#3547,#3548);
#3114=AXIS2_PLACEMENT_3D('',#4357,#3549,#3550);
#3115=AXIS2_PLACEMENT_3D('',#4359,#3551,#3552);
#3116=AXIS2_PLACEMENT_3D('',#4360,#3553,#3554);
#3117=AXIS2_PLACEMENT_3D('',#4361,#3555,#3556);
#3118=AXIS2_PLACEMENT_3D('',#4363,#3558,#3559);
#3119=AXIS2_PLACEMENT_3D('',#4365,#3560,#3561);
#3120=AXIS2_PLACEMENT_3D('',#4366,#3562,#3563);
#3121=AXIS2_PLACEMENT_3D('',#4367,#3564,#3565);
#3122=AXIS2_PLACEMENT_3D('',#4368,#3566,#3567);
#3123=AXIS2_PLACEMENT_3D('',#4370,#3569,#3570);
#3124=AXIS2_PLACEMENT_3D('',#4371,#3571,#3572);
#3125=AXIS2_PLACEMENT_3D('',#4373,#3573,#3574);
#3126=AXIS2_PLACEMENT_3D('',#4374,#3575,#3576);
#3127=AXIS2_PLACEMENT_3D('',#4375,#3577,#3578);
#3128=AXIS2_PLACEMENT_3D('',#4377,#3580,#3581);
#3129=AXIS2_PLACEMENT_3D('',#4379,#3583,#3584);
#3130=AXIS2_PLACEMENT_3D('',#4380,#3585,#3586);
#3131=AXIS2_PLACEMENT_3D('',#4381,#3587,#3588);
#3132=AXIS2_PLACEMENT_3D('',#4384,#3591,#3592);
#3133=AXIS2_PLACEMENT_3D('',#4386,#3594,#3595);
#3134=AXIS2_PLACEMENT_3D('',#4388,#3597,#3598);
#3135=AXIS2_PLACEMENT_3D('',#4389,#3599,#3600);
#3136=AXIS2_PLACEMENT_3D('',#4390,#3601,#3602);
#3137=AXIS2_PLACEMENT_3D('',#4391,#3603,#3604);
#3138=AXIS2_PLACEMENT_3D('',#4393,#3605,#3606);
#3139=AXIS2_PLACEMENT_3D('',#4396,#3608,#3609);
#3140=AXIS2_PLACEMENT_3D('',#4397,#3610,#3611);
#3141=AXIS2_PLACEMENT_3D('',#4398,#3612,#3613);
#3142=AXIS2_PLACEMENT_3D('',#4401,#3615,#3616);
#3143=AXIS2_PLACEMENT_3D('',#4402,#3617,#3618);
#3144=AXIS2_PLACEMENT_3D('',#4405,#3620,#3621);
#3145=AXIS2_PLACEMENT_3D('',#4406,#3622,#3623);
#3146=AXIS2_PLACEMENT_3D('',#4409,#3625,#3626);
#3147=AXIS2_PLACEMENT_3D('',#4410,#3627,#3628);
#3148=AXIS2_PLACEMENT_3D('',#4412,#3629,#3630);
#3149=AXIS2_PLACEMENT_3D('',#4414,#3632,#3633);
#3150=AXIS2_PLACEMENT_3D('',#4415,#3634,#3635);
#3151=AXIS2_PLACEMENT_3D('',#4416,#3636,#3637);
#3152=AXIS2_PLACEMENT_3D('',#4417,#3638,#3639);
#3153=AXIS2_PLACEMENT_3D('',#4418,#3640,#3641);
#3154=AXIS2_PLACEMENT_3D('',#4422,#3643,#3644);
#3155=AXIS2_PLACEMENT_3D('',#4423,#3645,#3646);
#3156=AXIS2_PLACEMENT_3D('',#4429,#3650,#3651);
#3157=AXIS2_PLACEMENT_3D('',#4430,#3652,#3653);
#3158=AXIS2_PLACEMENT_3D('',#4431,#3654,#3655);
#3159=AXIS2_PLACEMENT_3D('',#4432,#3656,#3657);
#3160=AXIS2_PLACEMENT_3D('',#4433,#3658,#3659);
#3161=AXIS2_PLACEMENT_3D('',#4434,#3660,#3661);
#3162=AXIS2_PLACEMENT_3D('',#4444,#3666,#3667);
#3163=AXIS2_PLACEMENT_3D('',#4446,#3668,#3669);
#3164=AXIS2_PLACEMENT_3D('',#4448,#3670,#3671);
#3165=AXIS2_PLACEMENT_3D('',#4450,#3672,#3673);
#3166=AXIS2_PLACEMENT_3D('',#4579,#3738,#3739);
#3167=AXIS2_PLACEMENT_3D('',#4585,#3743,#3744);
#3168=AXIS2_PLACEMENT_3D('',#4589,#3747,#3748);
#3169=AXIS2_PLACEMENT_3D('',#4595,#3752,#3753);
#3170=AXIS2_PLACEMENT_3D('',#4599,#3756,#3757);
#3171=AXIS2_PLACEMENT_3D('',#4605,#3761,#3762);
#3172=AXIS2_PLACEMENT_3D('',#4609,#3765,#3766);
#3173=AXIS2_PLACEMENT_3D('',#4615,#3770,#3771);
#3174=AXIS2_PLACEMENT_3D('',#4619,#3774,#3775);
#3175=AXIS2_PLACEMENT_3D('',#4625,#3779,#3780);
#3176=AXIS2_PLACEMENT_3D('',#4629,#3783,#3784);
#3177=AXIS2_PLACEMENT_3D('',#4635,#3788,#3789);
#3178=AXIS2_PLACEMENT_3D('',#4639,#3792,#3793);
#3179=AXIS2_PLACEMENT_3D('',#4645,#3797,#3798);
#3180=AXIS2_PLACEMENT_3D('',#4649,#3801,#3802);
#3181=AXIS2_PLACEMENT_3D('',#4655,#3806,#3807);
#3182=AXIS2_PLACEMENT_3D('',#4659,#3810,#3811);
#3183=AXIS2_PLACEMENT_3D('',#4665,#3815,#3816);
#3184=AXIS2_PLACEMENT_3D('',#4669,#3819,#3820);
#3185=AXIS2_PLACEMENT_3D('',#4675,#3824,#3825);
#3186=AXIS2_PLACEMENT_3D('',#4679,#3828,#3829);
#3187=AXIS2_PLACEMENT_3D('',#4685,#3833,#3834);
#3188=AXIS2_PLACEMENT_3D('',#4689,#3837,#3838);
#3189=AXIS2_PLACEMENT_3D('',#4695,#3842,#3843);
#3190=AXIS2_PLACEMENT_3D('',#4699,#3846,#3847);
#3191=AXIS2_PLACEMENT_3D('',#4705,#3851,#3852);
#3192=AXIS2_PLACEMENT_3D('',#4709,#3855,#3856);
#3193=AXIS2_PLACEMENT_3D('',#4715,#3860,#3861);
#3194=AXIS2_PLACEMENT_3D('',#4719,#3864,#3865);
#3195=AXIS2_PLACEMENT_3D('',#4725,#3869,#3870);
#3196=AXIS2_PLACEMENT_3D('',#4729,#3873,#3874);
#3197=AXIS2_PLACEMENT_3D('',#4735,#3878,#3879);
#3198=AXIS2_PLACEMENT_3D('',#4739,#3882,#3883);
#3199=AXIS2_PLACEMENT_3D('',#4745,#3887,#3888);
#3200=AXIS2_PLACEMENT_3D('',#4749,#3891,#3892);
#3201=AXIS2_PLACEMENT_3D('',#4753,#3895,#3896);
#3202=AXIS2_PLACEMENT_3D('',#4755,#3898,#3899);
#3203=AXIS2_PLACEMENT_3D('',#4759,#3902,#3903);
#3204=AXIS2_PLACEMENT_3D('',#4761,#3905,#3906);
#3205=AXIS2_PLACEMENT_3D('',#4765,#3909,#3910);
#3206=AXIS2_PLACEMENT_3D('',#4767,#3912,#3913);
#3207=AXIS2_PLACEMENT_3D('',#4771,#3916,#3917);
#3208=AXIS2_PLACEMENT_3D('',#4773,#3919,#3920);
#3209=AXIS2_PLACEMENT_3D('',#4777,#3923,#3924);
#3210=AXIS2_PLACEMENT_3D('',#4779,#3926,#3927);
#3211=AXIS2_PLACEMENT_3D('',#4783,#3930,#3931);
#3212=AXIS2_PLACEMENT_3D('',#4785,#3933,#3934);
#3213=AXIS2_PLACEMENT_3D('',#4789,#3937,#3938);
#3214=AXIS2_PLACEMENT_3D('',#4791,#3940,#3941);
#3215=AXIS2_PLACEMENT_3D('',#4795,#3944,#3945);
#3216=AXIS2_PLACEMENT_3D('',#4797,#3947,#3948);
#3217=AXIS2_PLACEMENT_3D('',#4801,#3951,#3952);
#3218=AXIS2_PLACEMENT_3D('',#4803,#3954,#3955);
#3219=AXIS2_PLACEMENT_3D('',#4807,#3958,#3959);
#3220=AXIS2_PLACEMENT_3D('',#4809,#3961,#3962);
#3221=AXIS2_PLACEMENT_3D('',#4813,#3965,#3966);
#3222=AXIS2_PLACEMENT_3D('',#4815,#3968,#3969);
#3223=AXIS2_PLACEMENT_3D('',#4819,#3972,#3973);
#3224=AXIS2_PLACEMENT_3D('',#4821,#3975,#3976);
#3225=AXIS2_PLACEMENT_3D('',#4825,#3979,#3980);
#3226=AXIS2_PLACEMENT_3D('',#4827,#3982,#3983);
#3227=AXIS2_PLACEMENT_3D('',#4831,#3986,#3987);
#3228=AXIS2_PLACEMENT_3D('',#4833,#3989,#3990);
#3229=AXIS2_PLACEMENT_3D('',#4837,#3993,#3994);
#3230=AXIS2_PLACEMENT_3D('',#4839,#3996,#3997);
#3231=AXIS2_PLACEMENT_3D('',#4843,#4000,#4001);
#3232=AXIS2_PLACEMENT_3D('',#4845,#4003,#4004);
#3233=AXIS2_PLACEMENT_3D('',#4848,#4006,#4007);
#3234=AXIS2_PLACEMENT_3D('',#4849,#4008,#4009);
#3235=AXIS2_PLACEMENT_3D('',#4852,#4011,#4012);
#3236=AXIS2_PLACEMENT_3D('',#4853,#4013,#4014);
#3237=AXIS2_PLACEMENT_3D('',#4856,#4016,#4017);
#3238=AXIS2_PLACEMENT_3D('',#4857,#4018,#4019);
#3239=AXIS2_PLACEMENT_3D('',#4860,#4021,#4022);
#3240=AXIS2_PLACEMENT_3D('',#4861,#4023,#4024);
#3241=AXIS2_PLACEMENT_3D('',#4865,#4027,#4028);
#3242=AXIS2_PLACEMENT_3D('',#4867,#4030,#4031);
#3243=AXIS2_PLACEMENT_3D('',#4868,#4032,#4033);
#3244=AXIS2_PLACEMENT_3D('',#4869,#4034,#4035);
#3245=DIRECTION('axis',(0.,0.,1.));
#3246=DIRECTION('refdir',(1.,0.,0.));
#3247=DIRECTION('axis',(0.,0.,1.));
#3248=DIRECTION('refdir',(1.,0.,0.));
#3249=DIRECTION('axis',(0.,0.,1.));
#3250=DIRECTION('refdir',(1.,0.,0.));
#3251=DIRECTION('center_axis',(0.,0.,1.));
#3252=DIRECTION('ref_axis',(1.,0.,0.));
#3253=DIRECTION('center_axis',(0.,0.,-1.));
#3254=DIRECTION('ref_axis',(-0.707106781186549,-0.707106781186546,0.));
#3255=DIRECTION('',(1.,0.,0.));
#3256=DIRECTION('center_axis',(0.,0.,-1.));
#3257=DIRECTION('ref_axis',(0.707106781186548,-0.707106781186548,0.));
#3258=DIRECTION('',(0.,1.,0.));
#3259=DIRECTION('center_axis',(0.,0.,-1.));
#3260=DIRECTION('ref_axis',(0.707106781186547,0.707106781186548,0.));
#3261=DIRECTION('',(-1.,0.,0.));
#3262=DIRECTION('center_axis',(0.,0.,-1.));
#3263=DIRECTION('ref_axis',(-0.707106781186548,0.707106781186548,0.));
#3264=DIRECTION('',(0.,-1.,0.));
#3265=DIRECTION('',(-1.,0.,0.));
#3266=DIRECTION('',(0.,1.,0.));
#3267=DIRECTION('',(1.,0.,0.));
#3268=DIRECTION('',(0.,-1.,0.));
#3269=DIRECTION('center_axis',(-1.,0.,0.));
#3270=DIRECTION('ref_axis',(0.,0.,1.));
#3271=DIRECTION('',(0.,0.,-1.));
#3272=DIRECTION('',(0.,1.,0.));
#3273=DIRECTION('',(0.,0.,1.));
#3274=DIRECTION('',(0.,-1.,0.));
#3275=DIRECTION('center_axis',(0.,1.,0.));
#3276=DIRECTION('ref_axis',(-1.,0.,0.));
#3277=DIRECTION('',(0.,0.,-1.));
#3278=DIRECTION('',(-1.,0.,0.));
#3279=DIRECTION('',(0.,0.,1.));
#3280=DIRECTION('',(-1.,0.,0.));
#3281=DIRECTION('',(1.,0.,0.));
#3282=DIRECTION('',(0.,0.,-1.));
#3283=DIRECTION('',(0.,0.,1.));
#3284=DIRECTION('',(1.,0.,0.));
#3285=DIRECTION('',(0.,0.,-1.));
#3286=DIRECTION('',(-1.,0.,0.));
#3287=DIRECTION('center_axis',(1.,0.,0.));
#3288=DIRECTION('ref_axis',(0.,0.,-1.));
#3289=DIRECTION('',(0.,0.,1.));
#3290=DIRECTION('',(0.,1.,0.));
#3291=DIRECTION('',(0.,-1.,0.));
#3292=DIRECTION('center_axis',(0.,0.,1.));
#3293=DIRECTION('ref_axis',(1.,0.,0.));
#3294=DIRECTION('',(-1.,0.,0.));
#3295=DIRECTION('center_axis',(0.,0.,1.));
#3296=DIRECTION('ref_axis',(1.,0.,0.));
#3297=DIRECTION('',(1.,0.,0.));
#3298=DIRECTION('center_axis',(0.,1.,0.));
#3299=DIRECTION('ref_axis',(-1.,0.,0.));
#3300=DIRECTION('',(0.,0.,-1.));
#3301=DIRECTION('',(0.,0.,1.));
#3302=DIRECTION('',(1.,0.,0.));
#3303=DIRECTION('',(0.,0.,-1.));
#3304=DIRECTION('',(1.,0.,0.));
#3305=DIRECTION('',(0.,0.,1.));
#3306=DIRECTION('',(-1.,0.,0.));
#3307=DIRECTION('center_axis',(1.,0.,0.));
#3308=DIRECTION('ref_axis',(0.,1.,0.));
#3309=DIRECTION('',(0.,1.,0.));
#3310=DIRECTION('',(0.,0.,1.));
#3311=DIRECTION('center_axis',(-1.,0.,0.));
#3312=DIRECTION('ref_axis',(0.,-1.,0.));
#3313=DIRECTION('',(0.,0.,-1.));
#3314=DIRECTION('',(0.,0.,1.));
#3315=DIRECTION('',(0.,1.,0.));
#3316=DIRECTION('center_axis',(1.,0.,0.));
#3317=DIRECTION('ref_axis',(0.,1.,0.));
#3318=DIRECTION('',(0.,0.,-1.));
#3319=DIRECTION('',(0.,0.,1.));
#3320=DIRECTION('',(0.,-1.,0.));
#3321=DIRECTION('center_axis',(0.,-1.,0.));
#3322=DIRECTION('ref_axis',(1.,0.,0.));
#3323=DIRECTION('',(0.,0.,1.));
#3324=DIRECTION('',(-1.,0.,0.));
#3325=DIRECTION('',(0.,0.,-1.));
#3326=DIRECTION('center_axis',(-1.,0.,0.));
#3327=DIRECTION('ref_axis',(0.,-1.,0.));
#3328=DIRECTION('',(0.,0.,1.));
#3329=DIRECTION('',(0.,-1.,0.));
#3330=DIRECTION('',(0.,0.,1.));
#3331=DIRECTION('',(0.,1.,0.));
#3332=DIRECTION('',(0.,0.,-1.));
#3333=DIRECTION('',(0.,-1.,0.));
#3334=DIRECTION('center_axis',(0.,-1.,0.));
#3335=DIRECTION('ref_axis',(1.,0.,0.));
#3336=DIRECTION('',(1.,0.,0.));
#3337=DIRECTION('center_axis',(0.,0.,1.));
#3338=DIRECTION('ref_axis',(0.707106781186547,0.707106781186548,0.));
#3339=DIRECTION('center_axis',(0.,0.,-1.));
#3340=DIRECTION('ref_axis',(1.,0.,0.));
#3341=DIRECTION('center_axis',(0.,0.,1.));
#3342=DIRECTION('ref_axis',(0.707106781186548,-0.707106781186548,0.));
#3343=DIRECTION('center_axis',(0.,0.,-1.));
#3344=DIRECTION('ref_axis',(0.,-1.,0.));
#3345=DIRECTION('center_axis',(1.,0.,0.));
#3346=DIRECTION('ref_axis',(0.,1.,0.));
#3347=DIRECTION('',(0.,0.,-1.));
#3348=DIRECTION('',(0.,1.,0.));
#3349=DIRECTION('',(0.,0.,1.));
#3350=DIRECTION('',(0.,1.,0.));
#3351=DIRECTION('center_axis',(0.,1.,0.));
#3352=DIRECTION('ref_axis',(-1.,0.,0.));
#3353=DIRECTION('',(1.,0.,0.));
#3354=DIRECTION('',(-1.,0.,0.));
#3355=DIRECTION('',(-1.,0.,0.));
#3356=DIRECTION('',(-1.,0.,0.));
#3357=DIRECTION('',(0.,0.,1.));
#3358=DIRECTION('center_axis',(1.,0.,0.));
#3359=DIRECTION('ref_axis',(0.,1.,0.));
#3360=DIRECTION('',(0.,0.,-1.));
#3361=DIRECTION('',(0.,1.,0.));
#3362=DIRECTION('',(0.,0.,1.));
#3363=DIRECTION('',(0.,1.,0.));
#3364=DIRECTION('center_axis',(0.,-1.,0.));
#3365=DIRECTION('ref_axis',(1.,0.,0.));
#3366=DIRECTION('',(1.,0.,0.));
#3367=DIRECTION('',(1.,0.,0.));
#3368=DIRECTION('center_axis',(0.,0.,1.));
#3369=DIRECTION('ref_axis',(1.,0.,0.));
#3370=DIRECTION('center_axis',(0.,0.,1.));
#3371=DIRECTION('ref_axis',(1.,0.,0.));
#3372=DIRECTION('center_axis',(0.,0.,1.));
#3373=DIRECTION('ref_axis',(1.,0.,0.));
#3374=DIRECTION('center_axis',(0.,0.,1.));
#3375=DIRECTION('ref_axis',(1.,0.,0.));
#3376=DIRECTION('center_axis',(0.,0.,1.));
#3377=DIRECTION('ref_axis',(1.,0.,0.));
#3378=DIRECTION('center_axis',(0.,0.,-1.));
#3379=DIRECTION('ref_axis',(1.,0.,0.));
#3380=DIRECTION('center_axis',(0.,0.,-1.));
#3381=DIRECTION('ref_axis',(1.,0.,0.));
#3382=DIRECTION('center_axis',(0.,0.,1.));
#3383=DIRECTION('ref_axis',(1.,0.,0.));
#3384=DIRECTION('center_axis',(0.,0.,1.));
#3385=DIRECTION('ref_axis',(1.,0.,0.));
#3386=DIRECTION('',(0.,1.,0.));
#3387=DIRECTION('center_axis',(0.,0.,1.));
#3388=DIRECTION('ref_axis',(1.,0.,0.));
#3389=DIRECTION('center_axis',(0.,0.,1.));
#3390=DIRECTION('ref_axis',(1.,0.,0.));
#3391=DIRECTION('center_axis',(0.,0.,1.));
#3392=DIRECTION('ref_axis',(1.,0.,0.));
#3393=DIRECTION('',(0.,1.,0.));
#3394=DIRECTION('center_axis',(0.,0.,1.));
#3395=DIRECTION('ref_axis',(1.,0.,0.));
#3396=DIRECTION('',(0.,-1.,0.));
#3397=DIRECTION('center_axis',(0.,0.,-1.));
#3398=DIRECTION('ref_axis',(1.,0.,0.));
#3399=DIRECTION('center_axis',(1.,0.,0.));
#3400=DIRECTION('ref_axis',(0.,1.,0.));
#3401=DIRECTION('',(0.,0.,1.));
#3402=DIRECTION('',(0.,-1.,0.));
#3403=DIRECTION('center_axis',(1.,0.,0.));
#3404=DIRECTION('ref_axis',(0.,1.,0.));
#3405=DIRECTION('',(0.,0.,1.));
#3406=DIRECTION('',(0.,-1.,0.));
#3407=DIRECTION('',(0.,0.,-1.));
#3408=DIRECTION('center_axis',(0.,0.,1.));
#3409=DIRECTION('ref_axis',(1.,0.,0.));
#3410=DIRECTION('center_axis',(0.,0.,1.));
#3411=DIRECTION('ref_axis',(1.,0.,0.));
#3412=DIRECTION('',(0.,0.,-1.));
#3413=DIRECTION('center_axis',(0.,0.,1.));
#3414=DIRECTION('ref_axis',(1.,0.,0.));
#3415=DIRECTION('',(0.,0.,-1.));
#3416=DIRECTION('center_axis',(0.,0.,-1.));
#3417=DIRECTION('ref_axis',(1.,0.,0.));
#3418=DIRECTION('',(0.,0.,1.));
#3419=DIRECTION('center_axis',(0.,0.,1.));
#3420=DIRECTION('ref_axis',(1.,0.,0.));
#3421=DIRECTION('center_axis',(0.,0.,1.));
#3422=DIRECTION('ref_axis',(-1.,-1.22464679914735E-16,0.));
#3423=DIRECTION('',(0.,0.,-1.));
#3424=DIRECTION('center_axis',(0.,0.,-1.));
#3425=DIRECTION('ref_axis',(1.,0.,0.));
#3426=DIRECTION('',(0.,0.,1.));
#3427=DIRECTION('center_axis',(0.,0.,1.));
#3428=DIRECTION('ref_axis',(1.,0.,0.));
#3429=DIRECTION('center_axis',(0.,0.,1.));
#3430=DIRECTION('ref_axis',(1.,0.,0.));
#3431=DIRECTION('',(0.,0.,-1.));
#3432=DIRECTION('center_axis',(0.,0.,1.));
#3433=DIRECTION('ref_axis',(1.,0.,0.));
#3434=DIRECTION('',(0.,0.,-1.));
#3435=DIRECTION('center_axis',(0.,0.,-1.));
#3436=DIRECTION('ref_axis',(1.,0.,0.));
#3437=DIRECTION('',(0.,0.,1.));
#3438=DIRECTION('center_axis',(0.,0.,1.));
#3439=DIRECTION('ref_axis',(1.,0.,0.));
#3440=DIRECTION('center_axis',(0.,0.,1.));
#3441=DIRECTION('ref_axis',(-1.,1.01064309961486E-15,0.));
#3442=DIRECTION('',(0.,0.,-1.));
#3443=DIRECTION('center_axis',(0.,0.,-1.));
#3444=DIRECTION('ref_axis',(1.,0.,0.));
#3445=DIRECTION('',(0.,0.,1.));
#3446=DIRECTION('center_axis',(0.,0.,1.));
#3447=DIRECTION('ref_axis',(1.,0.,0.));
#3448=DIRECTION('center_axis',(0.,0.,1.));
#3449=DIRECTION('ref_axis',(1.,0.,0.));
#3450=DIRECTION('',(0.,0.,-1.));
#3451=DIRECTION('center_axis',(0.,0.,1.));
#3452=DIRECTION('ref_axis',(1.,0.,0.));
#3453=DIRECTION('',(0.,0.,-1.));
#3454=DIRECTION('center_axis',(0.,0.,-1.));
#3455=DIRECTION('ref_axis',(1.,0.,0.));
#3456=DIRECTION('',(0.,0.,1.));
#3457=DIRECTION('center_axis',(0.,0.,1.));
#3458=DIRECTION('ref_axis',(1.,0.,0.));
#3459=DIRECTION('center_axis',(0.,0.,1.));
#3460=DIRECTION('ref_axis',(1.,0.,0.));
#3461=DIRECTION('center_axis',(0.,0.,-1.));
#3462=DIRECTION('ref_axis',(1.,0.,0.));
#3463=DIRECTION('',(0.,1.,0.));
#3464=DIRECTION('',(0.,1.,0.));
#3465=DIRECTION('center_axis',(0.,0.,-1.));
#3466=DIRECTION('ref_axis',(1.,0.,0.));
#3467=DIRECTION('center_axis',(0.,0.,1.));
#3468=DIRECTION('ref_axis',(1.,0.,0.));
#3469=DIRECTION('center_axis',(0.,0.,-1.));
#3470=DIRECTION('ref_axis',(1.,0.,0.));
#3471=DIRECTION('',(0.,1.,0.));
#3472=DIRECTION('',(0.,-1.,0.));
#3473=DIRECTION('',(0.,1.,0.));
#3474=DIRECTION('center_axis',(0.,0.,-1.));
#3475=DIRECTION('ref_axis',(1.,0.,0.));
#3476=DIRECTION('center_axis',(0.,0.,1.));
#3477=DIRECTION('ref_axis',(1.,0.,0.));
#3478=DIRECTION('center_axis',(0.,0.,-1.));
#3479=DIRECTION('ref_axis',(1.,0.,0.));
#3480=DIRECTION('',(0.,1.,0.));
#3481=DIRECTION('',(0.,-1.,0.));
#3482=DIRECTION('',(0.,1.,0.));
#3483=DIRECTION('center_axis',(0.,0.,-1.));
#3484=DIRECTION('ref_axis',(1.,0.,0.));
#3485=DIRECTION('center_axis',(-1.,0.,0.));
#3486=DIRECTION('ref_axis',(0.,-1.,0.));
#3487=DIRECTION('',(0.,-1.,0.));
#3488=DIRECTION('center_axis',(-1.,0.,0.));
#3489=DIRECTION('ref_axis',(0.,-1.,0.));
#3490=DIRECTION('',(0.,-1.,0.));
#3491=DIRECTION('center_axis',(-1.,0.,0.));
#3492=DIRECTION('ref_axis',(0.,-1.,0.));
#3493=DIRECTION('',(0.,1.,0.));
#3494=DIRECTION('',(0.,0.,1.));
#3495=DIRECTION('',(0.,-1.,0.));
#3496=DIRECTION('',(0.,0.,1.));
#3497=DIRECTION('center_axis',(0.,1.,0.));
#3498=DIRECTION('ref_axis',(-1.,0.,0.));
#3499=DIRECTION('',(1.,0.,0.));
#3500=DIRECTION('',(-1.,0.,0.));
#3501=DIRECTION('',(0.,0.,1.));
#3502=DIRECTION('center_axis',(1.,0.,0.));
#3503=DIRECTION('ref_axis',(0.,1.,0.));
#3504=DIRECTION('',(0.,-1.,0.));
#3505=DIRECTION('',(0.,0.,1.));
#3506=DIRECTION('',(0.,-1.,0.));
#3507=DIRECTION('',(0.,0.,-1.));
#3508=DIRECTION('',(0.,-1.,0.));
#3509=DIRECTION('',(0.,0.,1.));
#3510=DIRECTION('',(0.,-1.,0.));
#3511=DIRECTION('',(0.,0.,-1.));
#3512=DIRECTION('',(0.,-1.,0.));
#3513=DIRECTION('',(0.,0.,1.));
#3514=DIRECTION('',(0.,-1.,0.));
#3515=DIRECTION('',(0.,0.,-1.));
#3516=DIRECTION('',(0.,-1.,0.));
#3517=DIRECTION('',(0.,1.,0.));
#3518=DIRECTION('',(0.,0.,1.));
#3519=DIRECTION('center_axis',(0.,-1.,0.));
#3520=DIRECTION('ref_axis',(1.,0.,0.));
#3521=DIRECTION('',(-1.,0.,0.));
#3522=DIRECTION('',(1.,0.,0.));
#3523=DIRECTION('center_axis',(0.,0.,1.));
#3524=DIRECTION('ref_axis',(1.,0.,0.));
#3525=DIRECTION('center_axis',(0.,0.,1.));
#3526=DIRECTION('ref_axis',(1.,0.,0.));
#3527=DIRECTION('center_axis',(0.,0.,1.));
#3528=DIRECTION('ref_axis',(1.,0.,0.));
#3529=DIRECTION('center_axis',(0.,0.,1.));
#3530=DIRECTION('ref_axis',(1.,0.,0.));
#3531=DIRECTION('center_axis',(0.,0.,1.));
#3532=DIRECTION('ref_axis',(1.,0.,0.));
#3533=DIRECTION('center_axis',(0.,0.,1.));
#3534=DIRECTION('ref_axis',(1.,0.,0.));
#3535=DIRECTION('center_axis',(0.,0.,1.));
#3536=DIRECTION('ref_axis',(1.,0.,0.));
#3537=DIRECTION('center_axis',(0.,0.,1.));
#3538=DIRECTION('ref_axis',(1.,0.,0.));
#3539=DIRECTION('center_axis',(0.,0.,-1.));
#3540=DIRECTION('ref_axis',(1.,0.,0.));
#3541=DIRECTION('center_axis',(0.408248290463865,0.40824829046386,-0.816496580927726));
#3542=DIRECTION('ref_axis',(-0.577350269189627,-0.577350269189624,-0.577350269189627));
#3543=DIRECTION('center_axis',(0.,0.,-1.));
#3544=DIRECTION('ref_axis',(-1.,0.,0.));
#3545=DIRECTION('center_axis',(0.,-1.,0.));
#3546=DIRECTION('ref_axis',(0.,0.,-1.));
#3547=DIRECTION('center_axis',(-1.,0.,0.));
#3548=DIRECTION('ref_axis',(0.,-1.,0.));
#3549=DIRECTION('center_axis',(-0.40824829046386,-0.816496580927727,0.408248290463864));
#3550=DIRECTION('ref_axis',(0.577350269189625,-0.577350269189625,-0.577350269189629));
#3551=DIRECTION('center_axis',(1.,0.,0.));
#3552=DIRECTION('ref_axis',(0.,0.,-1.));
#3553=DIRECTION('center_axis',(0.,-1.,0.));
#3554=DIRECTION('ref_axis',(1.,0.,0.));
#3555=DIRECTION('center_axis',(1.,0.,0.));
#3556=DIRECTION('ref_axis',(0.,-0.707106781186546,-0.707106781186549));
#3557=DIRECTION('',(1.,0.,0.));
#3558=DIRECTION('center_axis',(-0.816496580927726,-0.408248290463864,0.408248290463863));
#3559=DIRECTION('ref_axis',(-0.577350269189625,0.577350269189627,-0.577350269189625));
#3560=DIRECTION('center_axis',(-1.,0.,0.));
#3561=DIRECTION('ref_axis',(0.,0.,-1.));
#3562=DIRECTION('center_axis',(0.,1.,2.22044604925031E-15));
#3563=DIRECTION('ref_axis',(-1.,0.,0.));
#3564=DIRECTION('center_axis',(0.,0.,-1.));
#3565=DIRECTION('ref_axis',(0.,1.,0.));
#3566=DIRECTION('center_axis',(0.,-1.,0.));
#3567=DIRECTION('ref_axis',(-0.707106781186548,0.,-0.707106781186547));
#3568=DIRECTION('',(0.,-1.,0.));
#3569=DIRECTION('center_axis',(0.,0.,1.));
#3570=DIRECTION('ref_axis',(-0.707106781186548,0.707106781186548,0.));
#3571=DIRECTION('center_axis',(0.40824829046386,-0.816496580927727,-0.408248290463864));
#3572=DIRECTION('ref_axis',(0.577350269189623,0.577350269189627,-0.577350269189627));
#3573=DIRECTION('center_axis',(0.,1.,0.));
#3574=DIRECTION('ref_axis',(0.,0.,-1.));
#3575=DIRECTION('center_axis',(1.,0.,0.));
#3576=DIRECTION('ref_axis',(0.,1.,0.));
#3577=DIRECTION('center_axis',(0.,1.,0.));
#3578=DIRECTION('ref_axis',(0.707106781186546,0.,-0.707106781186549));
#3579=DIRECTION('',(0.,1.,0.));
#3580=DIRECTION('center_axis',(-1.,0.,0.));
#3581=DIRECTION('ref_axis',(0.,0.707106781186547,-0.707106781186548));
#3582=DIRECTION('',(-1.,0.,0.));
#3583=DIRECTION('center_axis',(0.,0.,1.));
#3584=DIRECTION('ref_axis',(-0.707106781186549,-0.707106781186546,0.));
#3585=DIRECTION('center_axis',(0.,0.,1.));
#3586=DIRECTION('ref_axis',(1.,0.,0.));
#3587=DIRECTION('center_axis',(1.,0.,0.));
#3588=DIRECTION('ref_axis',(0.,1.,0.));
#3589=DIRECTION('',(0.,1.,0.));
#3590=DIRECTION('',(0.,1.,0.));
#3591=DIRECTION('center_axis',(0.,0.,1.));
#3592=DIRECTION('ref_axis',(1.,0.,0.));
#3593=DIRECTION('',(0.,-1.,0.));
#3594=DIRECTION('center_axis',(-1.,0.,0.));
#3595=DIRECTION('ref_axis',(0.,-1.,0.));
#3596=DIRECTION('',(0.,-1.,0.));
#3597=DIRECTION('center_axis',(0.,0.,1.));
#3598=DIRECTION('ref_axis',(1.,0.,0.));
#3599=DIRECTION('center_axis',(0.,0.,1.));
#3600=DIRECTION('ref_axis',(1.,0.,0.));
#3601=DIRECTION('center_axis',(0.,0.,1.));
#3602=DIRECTION('ref_axis',(1.,0.,0.));
#3603=DIRECTION('center_axis',(0.,0.,1.));
#3604=DIRECTION('ref_axis',(1.,0.,0.));
#3605=DIRECTION('center_axis',(0.,0.,1.));
#3606=DIRECTION('ref_axis',(1.,0.,0.));
#3607=DIRECTION('',(0.,0.,1.));
#3608=DIRECTION('center_axis',(0.,0.,-1.));
#3609=DIRECTION('ref_axis',(1.,0.,0.));
#3610=DIRECTION('center_axis',(0.,0.,1.));
#3611=DIRECTION('ref_axis',(1.,0.,0.));
#3612=DIRECTION('center_axis',(0.,0.,1.));
#3613=DIRECTION('ref_axis',(1.,0.,0.));
#3614=DIRECTION('',(0.,0.,1.));
#3615=DIRECTION('center_axis',(0.,0.,-1.));
#3616=DIRECTION('ref_axis',(1.,0.,0.));
#3617=DIRECTION('center_axis',(0.,0.,1.));
#3618=DIRECTION('ref_axis',(1.,0.,0.));
#3619=DIRECTION('',(0.,0.,1.));
#3620=DIRECTION('center_axis',(0.,0.,-1.));
#3621=DIRECTION('ref_axis',(1.,0.,0.));
#3622=DIRECTION('center_axis',(0.,0.,1.));
#3623=DIRECTION('ref_axis',(1.,0.,0.));
#3624=DIRECTION('',(0.,0.,1.));
#3625=DIRECTION('center_axis',(0.,0.,-1.));
#3626=DIRECTION('ref_axis',(1.,0.,0.));
#3627=DIRECTION('center_axis',(0.,0.,1.));
#3628=DIRECTION('ref_axis',(1.,0.,0.));
#3629=DIRECTION('center_axis',(0.,0.,1.));
#3630=DIRECTION('ref_axis',(1.,0.,0.));
#3631=DIRECTION('',(0.,0.,-1.));
#3632=DIRECTION('center_axis',(0.,0.,1.));
#3633=DIRECTION('ref_axis',(1.,0.,0.));
#3634=DIRECTION('center_axis',(0.,0.,1.));
#3635=DIRECTION('ref_axis',(1.,0.,0.));
#3636=DIRECTION('center_axis',(0.,0.,1.));
#3637=DIRECTION('ref_axis',(1.,0.,0.));
#3638=DIRECTION('center_axis',(0.,0.,1.));
#3639=DIRECTION('ref_axis',(1.,0.,0.));
#3640=DIRECTION('center_axis',(0.,0.,1.));
#3641=DIRECTION('ref_axis',(1.,0.,0.));
#3642=DIRECTION('',(0.,-1.,0.));
#3643=DIRECTION('center_axis',(0.,0.,-1.));
#3644=DIRECTION('ref_axis',(1.,0.,0.));
#3645=DIRECTION('center_axis',(-1.,0.,0.));
#3646=DIRECTION('ref_axis',(0.,-1.,0.));
#3647=DIRECTION('',(0.,0.,1.));
#3648=DIRECTION('',(0.,0.,-1.));
#3649=DIRECTION('',(0.,-1.,0.));
#3650=DIRECTION('center_axis',(0.,0.,1.));
#3651=DIRECTION('ref_axis',(-1.,1.22464679914735E-16,0.));
#3652=DIRECTION('center_axis',(0.,0.,-1.));
#3653=DIRECTION('ref_axis',(1.,0.,0.));
#3654=DIRECTION('center_axis',(0.,0.,1.));
#3655=DIRECTION('ref_axis',(1.,0.,0.));
#3656=DIRECTION('',(0.,0.,1.));
#3657=DIRECTION('',(1.,0.,0.));
#3658=DIRECTION('axis',(0.,0.,1.));
#3659=DIRECTION('refdir',(1.,0.,0.));
#3660=DIRECTION('center_axis',(0.,0.,1.));
#3661=DIRECTION('ref_axis',(1.,0.,0.));
#3662=DIRECTION('',(0.,-1.,0.));
#3663=DIRECTION('',(-1.,0.,0.));
#3664=DIRECTION('',(0.,1.,0.));
#3665=DIRECTION('',(1.,0.,0.));
#3666=DIRECTION('center_axis',(0.,0.,-1.));
#3667=DIRECTION('ref_axis',(1.,0.,0.));
#3668=DIRECTION('center_axis',(0.,0.,-1.));
#3669=DIRECTION('ref_axis',(1.,0.,0.));
#3670=DIRECTION('center_axis',(0.,0.,-1.));
#3671=DIRECTION('ref_axis',(1.,0.,0.));
#3672=DIRECTION('center_axis',(0.,0.,-1.));
#3673=DIRECTION('ref_axis',(1.,0.,0.));
#3674=DIRECTION('',(0.,-1.,0.));
#3675=DIRECTION('',(1.,0.,0.));
#3676=DIRECTION('',(0.,1.,0.));
#3677=DIRECTION('',(-1.,0.,0.));
#3678=DIRECTION('',(0.,-1.,0.));
#3679=DIRECTION('',(1.,0.,0.));
#3680=DIRECTION('',(0.,1.,0.));
#3681=DIRECTION('',(-1.,0.,0.));
#3682=DIRECTION('',(1.,0.,0.));
#3683=DIRECTION('',(0.,1.,0.));
#3684=DIRECTION('',(-1.,0.,0.));
#3685=DIRECTION('',(0.,-1.,0.));
#3686=DIRECTION('',(1.,0.,0.));
#3687=DIRECTION('',(0.,1.,0.));
#3688=DIRECTION('',(-1.,0.,0.));
#3689=DIRECTION('',(0.,-1.,0.));
#3690=DIRECTION('',(-1.,0.,0.));
#3691=DIRECTION('',(0.,-1.,0.));
#3692=DIRECTION('',(1.,0.,0.));
#3693=DIRECTION('',(0.,1.,0.));
#3694=DIRECTION('',(1.,0.,0.));
#3695=DIRECTION('',(0.,1.,0.));
#3696=DIRECTION('',(-1.,0.,0.));
#3697=DIRECTION('',(0.,-1.,0.));
#3698=DIRECTION('',(1.,0.,0.));
#3699=DIRECTION('',(0.,1.,0.));
#3700=DIRECTION('',(-1.,0.,0.));
#3701=DIRECTION('',(0.,-1.,0.));
#3702=DIRECTION('',(0.,-1.,0.));
#3703=DIRECTION('',(1.,0.,0.));
#3704=DIRECTION('',(0.,1.,0.));
#3705=DIRECTION('',(-1.,0.,0.));
#3706=DIRECTION('',(1.,0.,0.));
#3707=DIRECTION('',(0.,1.,0.));
#3708=DIRECTION('',(-1.,0.,0.));
#3709=DIRECTION('',(0.,-1.,0.));
#3710=DIRECTION('',(1.,0.,0.));
#3711=DIRECTION('',(0.,1.,0.));
#3712=DIRECTION('',(-1.,0.,0.));
#3713=DIRECTION('',(0.,-1.,0.));
#3714=DIRECTION('',(0.,1.,0.));
#3715=DIRECTION('',(-1.,0.,0.));
#3716=DIRECTION('',(0.,-1.,0.));
#3717=DIRECTION('',(1.,0.,0.));
#3718=DIRECTION('',(0.,1.,0.));
#3719=DIRECTION('',(-1.,0.,0.));
#3720=DIRECTION('',(0.,-1.,0.));
#3721=DIRECTION('',(1.,0.,0.));
#3722=DIRECTION('',(-1.,0.,0.));
#3723=DIRECTION('',(0.,-1.,0.));
#3724=DIRECTION('',(1.,0.,0.));
#3725=DIRECTION('',(0.,1.,0.));
#3726=DIRECTION('',(-1.,0.,0.));
#3727=DIRECTION('',(0.,-1.,0.));
#3728=DIRECTION('',(1.,0.,0.));
#3729=DIRECTION('',(0.,1.,0.));
#3730=DIRECTION('',(0.,-1.,0.));
#3731=DIRECTION('',(1.,0.,0.));
#3732=DIRECTION('',(0.,1.,0.));
#3733=DIRECTION('',(-1.,0.,0.));
#3734=DIRECTION('',(1.,0.,0.));
#3735=DIRECTION('',(0.,1.,0.));
#3736=DIRECTION('',(-1.,0.,0.));
#3737=DIRECTION('',(0.,-1.,0.));
#3738=DIRECTION('center_axis',(-1.,0.,0.));
#3739=DIRECTION('ref_axis',(0.,-1.,0.));
#3740=DIRECTION('',(0.,0.,1.));
#3741=DIRECTION('',(0.,1.,0.));
#3742=DIRECTION('',(0.,0.,1.));
#3743=DIRECTION('center_axis',(0.,1.,0.));
#3744=DIRECTION('ref_axis',(-1.,0.,0.));
#3745=DIRECTION('',(0.,0.,1.));
#3746=DIRECTION('',(1.,0.,0.));
#3747=DIRECTION('center_axis',(-1.,0.,0.));
#3748=DIRECTION('ref_axis',(0.,-1.,0.));
#3749=DIRECTION('',(0.,0.,1.));
#3750=DIRECTION('',(0.,1.,0.));
#3751=DIRECTION('',(0.,0.,1.));
#3752=DIRECTION('center_axis',(0.,1.,0.));
#3753=DIRECTION('ref_axis',(-1.,0.,0.));
#3754=DIRECTION('',(0.,0.,1.));
#3755=DIRECTION('',(1.,0.,0.));
#3756=DIRECTION('center_axis',(0.,1.,0.));
#3757=DIRECTION('ref_axis',(-1.,0.,0.));
#3758=DIRECTION('',(0.,0.,1.));
#3759=DIRECTION('',(1.,0.,0.));
#3760=DIRECTION('',(0.,0.,1.));
#3761=DIRECTION('center_axis',(1.,0.,0.));
#3762=DIRECTION('ref_axis',(0.,1.,0.));
#3763=DIRECTION('',(0.,0.,1.));
#3764=DIRECTION('',(0.,-1.,0.));
#3765=DIRECTION('center_axis',(0.,1.,0.));
#3766=DIRECTION('ref_axis',(-1.,0.,0.));
#3767=DIRECTION('',(0.,0.,1.));
#3768=DIRECTION('',(1.,0.,0.));
#3769=DIRECTION('',(0.,0.,1.));
#3770=DIRECTION('center_axis',(1.,0.,0.));
#3771=DIRECTION('ref_axis',(0.,1.,0.));
#3772=DIRECTION('',(0.,0.,1.));
#3773=DIRECTION('',(0.,-1.,0.));
#3774=DIRECTION('center_axis',(1.,0.,0.));
#3775=DIRECTION('ref_axis',(0.,1.,0.));
#3776=DIRECTION('',(0.,0.,1.));
#3777=DIRECTION('',(0.,-1.,0.));
#3778=DIRECTION('',(0.,0.,1.));
#3779=DIRECTION('center_axis',(0.,-1.,0.));
#3780=DIRECTION('ref_axis',(1.,0.,0.));
#3781=DIRECTION('',(0.,0.,1.));
#3782=DIRECTION('',(-1.,0.,0.));
#3783=DIRECTION('center_axis',(1.,0.,0.));
#3784=DIRECTION('ref_axis',(0.,1.,0.));
#3785=DIRECTION('',(0.,0.,1.));
#3786=DIRECTION('',(0.,-1.,0.));
#3787=DIRECTION('',(0.,0.,1.));
#3788=DIRECTION('center_axis',(0.,-1.,0.));
#3789=DIRECTION('ref_axis',(1.,0.,0.));
#3790=DIRECTION('',(0.,0.,1.));
#3791=DIRECTION('',(-1.,0.,0.));
#3792=DIRECTION('center_axis',(0.,-1.,0.));
#3793=DIRECTION('ref_axis',(1.,0.,0.));
#3794=DIRECTION('',(0.,0.,1.));
#3795=DIRECTION('',(-1.,0.,0.));
#3796=DIRECTION('',(0.,0.,1.));
#3797=DIRECTION('center_axis',(-1.,0.,0.));
#3798=DIRECTION('ref_axis',(0.,-1.,0.));
#3799=DIRECTION('',(0.,0.,1.));
#3800=DIRECTION('',(0.,1.,0.));
#3801=DIRECTION('center_axis',(0.,-1.,0.));
#3802=DIRECTION('ref_axis',(1.,0.,0.));
#3803=DIRECTION('',(0.,0.,1.));
#3804=DIRECTION('',(-1.,0.,0.));
#3805=DIRECTION('',(0.,0.,1.));
#3806=DIRECTION('center_axis',(-1.,0.,0.));
#3807=DIRECTION('ref_axis',(0.,-1.,0.));
#3808=DIRECTION('',(0.,0.,1.));
#3809=DIRECTION('',(0.,1.,0.));
#3810=DIRECTION('center_axis',(-1.,0.,0.));
#3811=DIRECTION('ref_axis',(0.,-1.,0.));
#3812=DIRECTION('',(0.,0.,1.));
#3813=DIRECTION('',(0.,1.,0.));
#3814=DIRECTION('',(0.,0.,1.));
#3815=DIRECTION('center_axis',(0.,1.,0.));
#3816=DIRECTION('ref_axis',(-1.,0.,0.));
#3817=DIRECTION('',(0.,0.,1.));
#3818=DIRECTION('',(1.,0.,0.));
#3819=DIRECTION('center_axis',(0.,-1.,0.));
#3820=DIRECTION('ref_axis',(1.,0.,0.));
#3821=DIRECTION('',(0.,0.,1.));
#3822=DIRECTION('',(-1.,0.,0.));
#3823=DIRECTION('',(0.,0.,1.));
#3824=DIRECTION('center_axis',(-1.,0.,0.));
#3825=DIRECTION('ref_axis',(0.,-1.,0.));
#3826=DIRECTION('',(0.,0.,1.));
#3827=DIRECTION('',(0.,1.,0.));
#3828=DIRECTION('center_axis',(0.,-1.,0.));
#3829=DIRECTION('ref_axis',(1.,0.,0.));
#3830=DIRECTION('',(0.,0.,1.));
#3831=DIRECTION('',(-1.,0.,0.));
#3832=DIRECTION('',(0.,0.,1.));
#3833=DIRECTION('center_axis',(-1.,0.,0.));
#3834=DIRECTION('ref_axis',(0.,-1.,0.));
#3835=DIRECTION('',(0.,0.,1.));
#3836=DIRECTION('',(0.,1.,0.));
#3837=DIRECTION('center_axis',(0.,1.,0.));
#3838=DIRECTION('ref_axis',(-1.,0.,0.));
#3839=DIRECTION('',(0.,0.,1.));
#3840=DIRECTION('',(1.,0.,0.));
#3841=DIRECTION('',(0.,0.,1.));
#3842=DIRECTION('center_axis',(1.,0.,0.));
#3843=DIRECTION('ref_axis',(0.,1.,0.));
#3844=DIRECTION('',(0.,0.,1.));
#3845=DIRECTION('',(0.,-1.,0.));
#3846=DIRECTION('center_axis',(0.,-1.,0.));
#3847=DIRECTION('ref_axis',(1.,0.,0.));
#3848=DIRECTION('',(0.,0.,1.));
#3849=DIRECTION('',(-1.,0.,0.));
#3850=DIRECTION('',(0.,0.,1.));
#3851=DIRECTION('center_axis',(-1.,0.,0.));
#3852=DIRECTION('ref_axis',(0.,-1.,0.));
#3853=DIRECTION('',(0.,0.,1.));
#3854=DIRECTION('',(0.,1.,0.));
#3855=DIRECTION('center_axis',(0.,-1.,0.));
#3856=DIRECTION('ref_axis',(1.,0.,0.));
#3857=DIRECTION('',(0.,0.,1.));
#3858=DIRECTION('',(-1.,0.,0.));
#3859=DIRECTION('',(0.,0.,1.));
#3860=DIRECTION('center_axis',(-1.,0.,0.));
#3861=DIRECTION('ref_axis',(0.,-1.,0.));
#3862=DIRECTION('',(0.,0.,1.));
#3863=DIRECTION('',(0.,1.,0.));
#3864=DIRECTION('center_axis',(-1.,0.,0.));
#3865=DIRECTION('ref_axis',(0.,-1.,0.));
#3866=DIRECTION('',(0.,0.,1.));
#3867=DIRECTION('',(0.,1.,0.));
#3868=DIRECTION('',(0.,0.,1.));
#3869=DIRECTION('center_axis',(0.,1.,0.));
#3870=DIRECTION('ref_axis',(-1.,0.,0.));
#3871=DIRECTION('',(0.,0.,1.));
#3872=DIRECTION('',(1.,0.,0.));
#3873=DIRECTION('center_axis',(-1.,0.,0.));
#3874=DIRECTION('ref_axis',(0.,-1.,0.));
#3875=DIRECTION('',(0.,0.,1.));
#3876=DIRECTION('',(0.,1.,0.));
#3877=DIRECTION('',(0.,0.,1.));
#3878=DIRECTION('center_axis',(0.,1.,0.));
#3879=DIRECTION('ref_axis',(-1.,0.,0.));
#3880=DIRECTION('',(0.,0.,1.));
#3881=DIRECTION('',(1.,0.,0.));
#3882=DIRECTION('center_axis',(0.,-1.,0.));
#3883=DIRECTION('ref_axis',(1.,0.,0.));
#3884=DIRECTION('',(0.,0.,1.));
#3885=DIRECTION('',(1.,0.,0.));
#3886=DIRECTION('',(0.,0.,1.));
#3887=DIRECTION('center_axis',(1.,0.,0.));
#3888=DIRECTION('ref_axis',(0.,1.,0.));
#3889=DIRECTION('',(0.,0.,1.));
#3890=DIRECTION('',(0.,1.,0.));
#3891=DIRECTION('center_axis',(1.,0.,0.));
#3892=DIRECTION('ref_axis',(0.,1.,0.));
#3893=DIRECTION('',(0.,0.,1.));
#3894=DIRECTION('',(0.,-1.,0.));
#3895=DIRECTION('center_axis',(0.,-1.,0.));
#3896=DIRECTION('ref_axis',(1.,0.,0.));
#3897=DIRECTION('',(-1.,0.,0.));
#3898=DIRECTION('center_axis',(1.,0.,0.));
#3899=DIRECTION('ref_axis',(0.,1.,0.));
#3900=DIRECTION('',(0.,0.,1.));
#3901=DIRECTION('',(0.,-1.,0.));
#3902=DIRECTION('center_axis',(0.,-1.,0.));
#3903=DIRECTION('ref_axis',(1.,0.,0.));
#3904=DIRECTION('',(-1.,0.,0.));
#3905=DIRECTION('center_axis',(1.,0.,0.));
#3906=DIRECTION('ref_axis',(0.,1.,0.));
#3907=DIRECTION('',(0.,0.,1.));
#3908=DIRECTION('',(0.,-1.,0.));
#3909=DIRECTION('center_axis',(0.,-1.,0.));
#3910=DIRECTION('ref_axis',(1.,0.,0.));
#3911=DIRECTION('',(-1.,0.,0.));
#3912=DIRECTION('center_axis',(1.,0.,0.));
#3913=DIRECTION('ref_axis',(0.,1.,0.));
#3914=DIRECTION('',(0.,0.,1.));
#3915=DIRECTION('',(0.,-1.,0.));
#3916=DIRECTION('center_axis',(0.,-1.,0.));
#3917=DIRECTION('ref_axis',(1.,0.,0.));
#3918=DIRECTION('',(-1.,0.,0.));
#3919=DIRECTION('center_axis',(0.,-1.,0.));
#3920=DIRECTION('ref_axis',(1.,0.,0.));
#3921=DIRECTION('',(0.,0.,1.));
#3922=DIRECTION('',(-1.,0.,0.));
#3923=DIRECTION('center_axis',(-1.,0.,0.));
#3924=DIRECTION('ref_axis',(0.,-1.,0.));
#3925=DIRECTION('',(0.,1.,0.));
#3926=DIRECTION('center_axis',(1.,0.,0.));
#3927=DIRECTION('ref_axis',(0.,1.,0.));
#3928=DIRECTION('',(0.,-1.,0.));
#3929=DIRECTION('',(0.,0.,1.));
#3930=DIRECTION('center_axis',(0.,1.,0.));
#3931=DIRECTION('ref_axis',(-1.,0.,0.));
#3932=DIRECTION('',(1.,0.,0.));
#3933=DIRECTION('center_axis',(0.,-1.,0.));
#3934=DIRECTION('ref_axis',(1.,0.,0.));
#3935=DIRECTION('',(0.,0.,1.));
#3936=DIRECTION('',(-1.,0.,0.));
#3937=DIRECTION('center_axis',(-1.,0.,0.));
#3938=DIRECTION('ref_axis',(0.,-1.,0.));
#3939=DIRECTION('',(0.,1.,0.));
#3940=DIRECTION('center_axis',(1.,0.,0.));
#3941=DIRECTION('ref_axis',(0.,1.,0.));
#3942=DIRECTION('',(0.,-1.,0.));
#3943=DIRECTION('',(0.,0.,1.));
#3944=DIRECTION('center_axis',(0.,1.,0.));
#3945=DIRECTION('ref_axis',(-1.,0.,0.));
#3946=DIRECTION('',(1.,0.,0.));
#3947=DIRECTION('center_axis',(0.,1.,0.));
#3948=DIRECTION('ref_axis',(-1.,0.,0.));
#3949=DIRECTION('',(1.,0.,0.));
#3950=DIRECTION('',(0.,0.,1.));
#3951=DIRECTION('center_axis',(-1.,0.,0.));
#3952=DIRECTION('ref_axis',(0.,-1.,0.));
#3953=DIRECTION('',(0.,1.,0.));
#3954=DIRECTION('center_axis',(0.,-1.,0.));
#3955=DIRECTION('ref_axis',(1.,0.,0.));
#3956=DIRECTION('',(0.,0.,1.));
#3957=DIRECTION('',(-1.,0.,0.));
#3958=DIRECTION('center_axis',(-1.,0.,0.));
#3959=DIRECTION('ref_axis',(0.,-1.,0.));
#3960=DIRECTION('',(0.,1.,0.));
#3961=DIRECTION('center_axis',(0.,1.,0.));
#3962=DIRECTION('ref_axis',(-1.,0.,0.));
#3963=DIRECTION('',(1.,0.,0.));
#3964=DIRECTION('',(0.,0.,1.));
#3965=DIRECTION('center_axis',(-1.,0.,0.));
#3966=DIRECTION('ref_axis',(0.,-1.,0.));
#3967=DIRECTION('',(0.,1.,0.));
#3968=DIRECTION('center_axis',(1.,0.,0.));
#3969=DIRECTION('ref_axis',(0.,1.,0.));
#3970=DIRECTION('',(0.,-1.,0.));
#3971=DIRECTION('',(0.,0.,1.));
#3972=DIRECTION('center_axis',(0.,1.,0.));
#3973=DIRECTION('ref_axis',(-1.,0.,0.));
#3974=DIRECTION('',(1.,0.,0.));
#3975=DIRECTION('center_axis',(1.,0.,0.));
#3976=DIRECTION('ref_axis',(0.,1.,0.));
#3977=DIRECTION('',(0.,-1.,0.));
#3978=DIRECTION('',(0.,0.,1.));
#3979=DIRECTION('center_axis',(0.,1.,0.));
#3980=DIRECTION('ref_axis',(-1.,0.,0.));
#3981=DIRECTION('',(1.,0.,0.));
#3982=DIRECTION('center_axis',(1.,0.,0.));
#3983=DIRECTION('ref_axis',(0.,1.,0.));
#3984=DIRECTION('',(0.,-1.,0.));
#3985=DIRECTION('',(0.,0.,1.));
#3986=DIRECTION('center_axis',(0.,1.,0.));
#3987=DIRECTION('ref_axis',(-1.,0.,0.));
#3988=DIRECTION('',(1.,0.,0.));
#3989=DIRECTION('center_axis',(1.,0.,0.));
#3990=DIRECTION('ref_axis',(0.,1.,0.));
#3991=DIRECTION('',(0.,-1.,0.));
#3992=DIRECTION('',(0.,0.,1.));
#3993=DIRECTION('center_axis',(0.,1.,0.));
#3994=DIRECTION('ref_axis',(-1.,0.,0.));
#3995=DIRECTION('',(1.,0.,0.));
#3996=DIRECTION('center_axis',(1.,0.,0.));
#3997=DIRECTION('ref_axis',(0.,1.,0.));
#3998=DIRECTION('',(0.,0.,1.));
#3999=DIRECTION('',(0.,-1.,0.));
#4000=DIRECTION('center_axis',(0.,-1.,0.));
#4001=DIRECTION('ref_axis',(1.,0.,0.));
#4002=DIRECTION('',(-1.,0.,0.));
#4003=DIRECTION('center_axis',(0.,0.,1.));
#4004=DIRECTION('ref_axis',(1.,0.,0.));
#4005=DIRECTION('',(0.,0.,1.));
#4006=DIRECTION('center_axis',(0.,0.,-1.));
#4007=DIRECTION('ref_axis',(1.,0.,0.));
#4008=DIRECTION('center_axis',(0.,0.,1.));
#4009=DIRECTION('ref_axis',(1.,0.,0.));
#4010=DIRECTION('',(0.,0.,1.));
#4011=DIRECTION('center_axis',(0.,0.,-1.));
#4012=DIRECTION('ref_axis',(1.,0.,0.));
#4013=DIRECTION('center_axis',(0.,0.,1.));
#4014=DIRECTION('ref_axis',(1.,0.,0.));
#4015=DIRECTION('',(0.,0.,1.));
#4016=DIRECTION('center_axis',(0.,0.,-1.));
#4017=DIRECTION('ref_axis',(1.,0.,0.));
#4018=DIRECTION('center_axis',(0.,0.,1.));
#4019=DIRECTION('ref_axis',(1.,0.,0.));
#4020=DIRECTION('',(0.,0.,1.));
#4021=DIRECTION('center_axis',(0.,0.,-1.));
#4022=DIRECTION('ref_axis',(1.,0.,0.));
#4023=DIRECTION('center_axis',(0.,1.,0.));
#4024=DIRECTION('ref_axis',(-1.,0.,0.));
#4025=DIRECTION('',(0.,0.,1.));
#4026=DIRECTION('',(-1.,0.,0.));
#4027=DIRECTION('center_axis',(-1.,0.,0.));
#4028=DIRECTION('ref_axis',(0.,-1.,0.));
#4029=DIRECTION('',(0.,-1.,0.));
#4030=DIRECTION('center_axis',(0.,0.,1.));
#4031=DIRECTION('ref_axis',(1.,0.,0.));
#4032=DIRECTION('',(0.,0.,1.));
#4033=DIRECTION('',(1.,0.,0.));
#4034=DIRECTION('',(0.,0.,1.));
#4035=DIRECTION('',(1.,0.,0.));
#4036=CARTESIAN_POINT('',(0.,0.,0.));
#4037=CARTESIAN_POINT('',(0.,0.,0.));
#4038=CARTESIAN_POINT('',(0.,0.,0.));
#4039=CARTESIAN_POINT('Origin',(57.875,-114.07,6.92));
#4040=CARTESIAN_POINT('',(18.19,-115.32,6.92));
#4041=CARTESIAN_POINT('',(16.19,-113.32,6.92));
#4042=CARTESIAN_POINT('Origin',(18.19,-113.32,6.92));
#4043=CARTESIAN_POINT('',(97.56,-115.32,6.92));
#4044=CARTESIAN_POINT('',(16.19,-115.32,6.92));
#4045=CARTESIAN_POINT('',(99.56,-113.32,6.92));
#4046=CARTESIAN_POINT('Origin',(97.56,-113.32,6.92));
#4047=CARTESIAN_POINT('',(99.56,-12.44,6.92));
#4048=CARTESIAN_POINT('',(99.56,-115.32,6.92));
#4049=CARTESIAN_POINT('',(97.56,-10.44,6.92));
#4050=CARTESIAN_POINT('Origin',(97.56,-12.44,6.92));
#4051=CARTESIAN_POINT('',(18.19,-10.44,6.92));
#4052=CARTESIAN_POINT('',(99.56,-10.44,6.92));
#4053=CARTESIAN_POINT('',(16.19,-12.44,6.92));
#4054=CARTESIAN_POINT('Origin',(18.19,-12.44,6.92));
#4055=CARTESIAN_POINT('',(16.19,-10.44,6.92));
#4056=CARTESIAN_POINT('',(97.06,-112.82,6.92));
#4057=CARTESIAN_POINT('',(18.69,-112.82,6.92));
#4058=CARTESIAN_POINT('',(99.56,-112.82,6.92));
#4059=CARTESIAN_POINT('',(18.69,-12.94,6.92));
#4060=CARTESIAN_POINT('',(18.69,-112.82,6.92));
#4061=CARTESIAN_POINT('',(97.06,-12.94,6.92));
#4062=CARTESIAN_POINT('',(16.19,-12.94,6.92));
#4063=CARTESIAN_POINT('',(97.06,-12.94,6.92));
#4064=CARTESIAN_POINT('Origin',(72.71,-9.44,-3.665));
#4065=CARTESIAN_POINT('',(72.71,-10.44,1.375));
#4066=CARTESIAN_POINT('',(72.71,-10.44,-3.665));
#4067=CARTESIAN_POINT('',(72.71,-10.44,-6.3375));
#4068=CARTESIAN_POINT('',(72.71,-12.94,1.375));
#4069=CARTESIAN_POINT('',(72.71,-9.44,1.375));
#4070=CARTESIAN_POINT('',(72.71,-12.94,-3.665));
#4071=CARTESIAN_POINT('',(72.71,-12.94,-5.0875));
#4072=CARTESIAN_POINT('',(72.71,-9.44,-3.665));
#4073=CARTESIAN_POINT('Origin',(97.06,-12.94,-6.51));
#4074=CARTESIAN_POINT('',(18.69,-12.94,-6.51));
#4075=CARTESIAN_POINT('',(18.69,-12.94,0.005));
#4076=CARTESIAN_POINT('',(97.06,-12.94,-6.51));
#4077=CARTESIAN_POINT('',(97.06,-12.94,-6.51));
#4078=CARTESIAN_POINT('',(97.06,-12.94,-6.51));
#4079=CARTESIAN_POINT('',(81.79,-12.94,-3.665));
#4080=CARTESIAN_POINT('',(85.135,-12.94,-3.665));
#4081=CARTESIAN_POINT('',(81.79,-12.94,1.375));
#4082=CARTESIAN_POINT('',(89.175,-12.94,1.375));
#4083=CARTESIAN_POINT('',(81.79,-12.94,-5.0875));
#4084=CARTESIAN_POINT('',(19.78,-12.94,-3.665));
#4085=CARTESIAN_POINT('',(19.78,-12.94,1.375));
#4086=CARTESIAN_POINT('',(19.78,-12.94,-5.0875));
#4087=CARTESIAN_POINT('',(29.57,-12.94,1.375));
#4088=CARTESIAN_POINT('',(60.8675,-12.94,1.375));
#4089=CARTESIAN_POINT('',(29.57,-12.94,-3.665));
#4090=CARTESIAN_POINT('',(29.57,-12.94,-5.0875));
#4091=CARTESIAN_POINT('',(60.8675,-12.94,-3.665));
#4092=CARTESIAN_POINT('Origin',(81.79,-13.94,-3.665));
#4093=CARTESIAN_POINT('',(81.79,-10.44,-3.665));
#4094=CARTESIAN_POINT('',(81.79,-10.44,1.375));
#4095=CARTESIAN_POINT('',(81.79,-10.44,-6.3375));
#4096=CARTESIAN_POINT('',(81.79,-13.94,-3.665));
#4097=CARTESIAN_POINT('',(81.79,-13.94,1.375));
#4098=CARTESIAN_POINT('Origin',(77.25,-11.69,1.375));
#4099=CARTESIAN_POINT('',(86.385,-10.44,1.375));
#4100=CARTESIAN_POINT('Origin',(77.25,-11.69,-3.665));
#4101=CARTESIAN_POINT('',(86.385,-10.44,-3.665));
#4102=CARTESIAN_POINT('Origin',(99.56,-10.44,-9.01));
#4103=CARTESIAN_POINT('',(18.19,-10.44,-7.01));
#4104=CARTESIAN_POINT('',(18.19,-10.44,-9.01));
#4105=CARTESIAN_POINT('',(97.56,-10.44,-7.01));
#4106=CARTESIAN_POINT('',(97.56,-10.44,-9.01));
#4107=CARTESIAN_POINT('',(78.7175,-10.44,-7.01));
#4108=CARTESIAN_POINT('',(19.78,-10.44,1.375));
#4109=CARTESIAN_POINT('',(19.78,-10.44,-3.665));
#4110=CARTESIAN_POINT('',(19.78,-10.44,-6.3375));
#4111=CARTESIAN_POINT('',(29.57,-10.44,-3.665));
#4112=CARTESIAN_POINT('',(62.1175,-10.44,-3.665));
#4113=CARTESIAN_POINT('',(29.57,-10.44,1.375));
#4114=CARTESIAN_POINT('',(29.57,-10.44,-6.3375));
#4115=CARTESIAN_POINT('',(62.1175,-10.44,1.375));
#4116=CARTESIAN_POINT('Origin',(97.06,-112.82,-6.51));
#4117=CARTESIAN_POINT('',(97.06,-112.82,-6.51));
#4118=CARTESIAN_POINT('',(97.06,-112.82,-6.51));
#4119=CARTESIAN_POINT('',(97.06,-112.82,-6.51));
#4120=CARTESIAN_POINT('Origin',(16.19,-10.44,-9.01));
#4121=CARTESIAN_POINT('',(16.19,-113.32,-7.01));
#4122=CARTESIAN_POINT('',(16.19,-113.32,-9.01));
#4123=CARTESIAN_POINT('',(16.19,-12.44,-7.01));
#4124=CARTESIAN_POINT('',(16.19,-12.44,-9.01));
#4125=CARTESIAN_POINT('',(16.19,-36.66,-7.01));
#4126=CARTESIAN_POINT('Origin',(99.56,-115.32,-9.01));
#4127=CARTESIAN_POINT('',(99.56,-12.44,-7.01));
#4128=CARTESIAN_POINT('',(99.56,-12.44,-9.01));
#4129=CARTESIAN_POINT('',(99.56,-113.32,-7.01));
#4130=CARTESIAN_POINT('',(99.56,-113.32,-9.01));
#4131=CARTESIAN_POINT('',(99.56,-89.1,-7.01));
#4132=CARTESIAN_POINT('Origin',(16.19,-115.32,-9.01));
#4133=CARTESIAN_POINT('',(18.19,-115.32,-7.01));
#4134=CARTESIAN_POINT('',(18.19,-115.32,-9.01));
#4135=CARTESIAN_POINT('',(97.56,-115.32,-7.01));
#4136=CARTESIAN_POINT('',(37.0325,-115.32,-7.01));
#4137=CARTESIAN_POINT('',(97.56,-115.32,-9.01));
#4138=CARTESIAN_POINT('Origin',(18.69,-12.94,-6.51));
#4139=CARTESIAN_POINT('',(18.69,-112.82,-6.51));
#4140=CARTESIAN_POINT('',(18.69,-112.82,0.005));
#4141=CARTESIAN_POINT('',(18.69,-12.94,-6.51));
#4142=CARTESIAN_POINT('',(18.69,-83.865,-4.51));
#4143=CARTESIAN_POINT('',(18.69,-83.865,-2.51));
#4144=CARTESIAN_POINT('',(18.69,-83.865,-5.51));
#4145=CARTESIAN_POINT('',(18.69,-58.565,-2.51));
#4146=CARTESIAN_POINT('',(18.69,-42.0775,-2.51));
#4147=CARTESIAN_POINT('',(18.69,-58.565,-4.51));
#4148=CARTESIAN_POINT('',(18.69,-58.565,-5.51));
#4149=CARTESIAN_POINT('',(18.69,-42.0775,-4.51));
#4150=CARTESIAN_POINT('Origin',(18.69,-112.82,-6.51));
#4151=CARTESIAN_POINT('',(18.69,-112.82,-6.51));
#4152=CARTESIAN_POINT('Origin',(97.56,-12.44,-9.01));
#4153=CARTESIAN_POINT('Origin',(97.56,-12.44,-7.01));
#4154=CARTESIAN_POINT('Origin',(97.56,-113.32,-9.01));
#4155=CARTESIAN_POINT('Origin',(97.56,-113.32,-7.01));
#4156=CARTESIAN_POINT('Origin',(56.5,-83.865,-4.51));
#4157=CARTESIAN_POINT('',(56.5,-80.4413091973338,-2.51));
#4158=CARTESIAN_POINT('',(56.5,-80.4413091973338,-4.51));
#4159=CARTESIAN_POINT('',(56.5,-80.4413091973338,-6.51));
#4160=CARTESIAN_POINT('',(56.5,-83.865,-2.51));
#4161=CARTESIAN_POINT('',(56.5,-83.865,-2.51));
#4162=CARTESIAN_POINT('',(56.5,-83.865,-4.51));
#4163=CARTESIAN_POINT('',(56.5,-83.865,-4.51));
#4164=CARTESIAN_POINT('',(56.5,-83.865,-4.51));
#4165=CARTESIAN_POINT('Origin',(56.5,-58.565,-4.51));
#4166=CARTESIAN_POINT('',(55.15,-58.565,-4.51));
#4167=CARTESIAN_POINT('',(56.5,-58.565,-4.51));
#4168=CARTESIAN_POINT('',(47.0475,-58.565,-4.51));
#4169=CARTESIAN_POINT('',(56.5,-58.565,-4.51));
#4170=CARTESIAN_POINT('',(55.15,-58.565,-2.51));
#4171=CARTESIAN_POINT('',(56.5,-58.565,-2.51));
#4172=CARTESIAN_POINT('',(56.5,-58.565,-2.51));
#4173=CARTESIAN_POINT('',(47.0475,-58.565,-2.51));
#4174=CARTESIAN_POINT('',(56.5,-58.565,-4.51));
#4175=CARTESIAN_POINT('Origin',(56.5,-83.865,-4.51));
#4176=CARTESIAN_POINT('',(56.5,-61.0704939632735,-2.51));
#4177=CARTESIAN_POINT('',(56.5,-61.0704939632735,-4.51));
#4178=CARTESIAN_POINT('',(56.5,-61.0704939632735,-6.51));
#4179=CARTESIAN_POINT('',(56.5,-75.1886908026662,-2.51));
#4180=CARTESIAN_POINT('',(56.5,-83.865,-2.51));
#4181=CARTESIAN_POINT('',(56.5,-75.1886908026662,-4.51));
#4182=CARTESIAN_POINT('',(56.5,-75.1886908026662,-6.51));
#4183=CARTESIAN_POINT('',(56.5,-83.865,-4.51));
#4184=CARTESIAN_POINT('Origin',(18.69,-83.865,-4.51));
#4185=CARTESIAN_POINT('',(18.69,-83.865,-4.51));
#4186=CARTESIAN_POINT('',(18.69,-83.865,-2.51));
#4187=CARTESIAN_POINT('Origin',(37.595,-71.215,-2.51));
#4188=CARTESIAN_POINT('Origin',(58.15,-58.565,-2.51));
#4189=CARTESIAN_POINT('',(54.95,-77.815,-2.51));
#4190=CARTESIAN_POINT('Origin',(57.95,-77.815,-2.51));
#4191=CARTESIAN_POINT('Origin',(57.95,-77.815,-2.51));
#4192=CARTESIAN_POINT('Origin',(37.595,-71.215,-4.51));
#4193=CARTESIAN_POINT('Origin',(58.15,-58.565,-4.51));
#4194=CARTESIAN_POINT('Origin',(57.95,-77.815,-4.51));
#4195=CARTESIAN_POINT('Origin',(37.595,-58.565,-2.51));
#4196=CARTESIAN_POINT('',(56.5,-36.8886908026662,-2.51));
#4197=CARTESIAN_POINT('',(54.95,-39.515,-2.51));
#4198=CARTESIAN_POINT('Origin',(57.95,-39.515,-2.51));
#4199=CARTESIAN_POINT('',(56.5,-42.1413091973338,-2.51));
#4200=CARTESIAN_POINT('',(56.5,-83.865,-2.51));
#4201=CARTESIAN_POINT('Origin',(57.95,-39.515,-2.51));
#4202=CARTESIAN_POINT('Origin',(37.595,-58.565,-2.51));
#4203=CARTESIAN_POINT('',(56.5,-56.0595060367265,-2.51));
#4204=CARTESIAN_POINT('Origin',(58.15,-58.565,-2.51));
#4205=CARTESIAN_POINT('',(56.5,-83.865,-2.51));
#4206=CARTESIAN_POINT('Origin',(37.595,-58.565,-4.51));
#4207=CARTESIAN_POINT('',(56.5,-56.0595060367265,-4.51));
#4208=CARTESIAN_POINT('',(56.5,-33.265,-4.51));
#4209=CARTESIAN_POINT('Origin',(58.15,-58.565,-4.51));
#4210=CARTESIAN_POINT('Origin',(56.5,-83.865,-4.51));
#4211=CARTESIAN_POINT('',(56.5,-56.0595060367265,-6.51));
#4212=CARTESIAN_POINT('',(56.5,-33.265,-4.51));
#4213=CARTESIAN_POINT('Origin',(56.5,-83.865,-4.51));
#4214=CARTESIAN_POINT('',(56.5,-36.8886908026662,-4.51));
#4215=CARTESIAN_POINT('',(56.5,-36.8886908026662,-6.51));
#4216=CARTESIAN_POINT('',(56.5,-42.1413091973338,-4.51));
#4217=CARTESIAN_POINT('',(56.5,-33.265,-4.51));
#4218=CARTESIAN_POINT('',(56.5,-42.1413091973338,-6.51));
#4219=CARTESIAN_POINT('Origin',(57.95,-39.515,-6.51));
#4220=CARTESIAN_POINT('',(54.95,-39.515,-0.01));
#4221=CARTESIAN_POINT('Origin',(57.95,-39.515,-0.01));
#4222=CARTESIAN_POINT('',(54.95,-39.515,-6.51));
#4223=CARTESIAN_POINT('',(58.,-42.5145833043941,-4.51));
#4224=CARTESIAN_POINT('Origin',(57.95,-39.515,-4.51));
#4225=CARTESIAN_POINT('',(58.,-42.5145833043941,-6.51));
#4226=CARTESIAN_POINT('',(58.,-42.5145833043941,-6.51));
#4227=CARTESIAN_POINT('',(58.,-36.5154166956059,-6.51));
#4228=CARTESIAN_POINT('Origin',(57.95,-39.515,-6.51));
#4229=CARTESIAN_POINT('',(58.,-36.5154166956059,-4.51));
#4230=CARTESIAN_POINT('',(58.,-36.5154166956059,-6.51));
#4231=CARTESIAN_POINT('Origin',(57.95,-39.515,-4.51));
#4232=CARTESIAN_POINT('Origin',(58.15,-58.565,-6.51));
#4233=CARTESIAN_POINT('',(56.5,-56.0595060367265,-6.51));
#4234=CARTESIAN_POINT('',(56.5,-56.0595060367265,-6.51));
#4235=CARTESIAN_POINT('',(56.5,-61.0704939632735,-6.51));
#4236=CARTESIAN_POINT('Origin',(58.15,-58.565,-6.51));
#4237=CARTESIAN_POINT('',(56.5,-61.0704939632735,-6.51));
#4238=CARTESIAN_POINT('Origin',(58.15,-58.565,-6.51));
#4239=CARTESIAN_POINT('',(55.15,-58.565,-0.01));
#4240=CARTESIAN_POINT('Origin',(58.15,-58.565,-0.01));
#4241=CARTESIAN_POINT('',(55.15,-58.565,-6.51));
#4242=CARTESIAN_POINT('',(58.,-61.5612476533157,-4.51));
#4243=CARTESIAN_POINT('Origin',(58.15,-58.565,-4.51));
#4244=CARTESIAN_POINT('',(58.,-61.5612476533157,-6.51));
#4245=CARTESIAN_POINT('',(58.,-61.5612476533157,-6.51));
#4246=CARTESIAN_POINT('',(58.,-55.5687523466843,-6.51));
#4247=CARTESIAN_POINT('Origin',(58.15,-58.565,-6.51));
#4248=CARTESIAN_POINT('',(58.,-55.5687523466843,-4.51));
#4249=CARTESIAN_POINT('',(58.,-55.5687523466843,-6.51));
#4250=CARTESIAN_POINT('Origin',(58.15,-58.565,-4.51));
#4251=CARTESIAN_POINT('Origin',(57.95,-77.815,-6.51));
#4252=CARTESIAN_POINT('',(56.5,-75.1886908026662,-6.51));
#4253=CARTESIAN_POINT('',(56.5,-75.1886908026662,-6.51));
#4254=CARTESIAN_POINT('',(56.5,-80.4413091973338,-6.51));
#4255=CARTESIAN_POINT('Origin',(57.95,-77.815,-6.51));
#4256=CARTESIAN_POINT('',(56.5,-80.4413091973338,-6.51));
#4257=CARTESIAN_POINT('Origin',(57.95,-77.815,-6.51));
#4258=CARTESIAN_POINT('',(54.95,-77.815,-0.01));
#4259=CARTESIAN_POINT('Origin',(57.95,-77.815,-0.01));
#4260=CARTESIAN_POINT('',(54.95,-77.815,-6.51));
#4261=CARTESIAN_POINT('',(58.,-80.8145833043941,-4.51));
#4262=CARTESIAN_POINT('Origin',(57.95,-77.815,-4.51));
#4263=CARTESIAN_POINT('',(58.,-80.8145833043941,-6.51));
#4264=CARTESIAN_POINT('',(58.,-80.8145833043941,-6.51));
#4265=CARTESIAN_POINT('',(58.,-74.8154166956059,-6.51));
#4266=CARTESIAN_POINT('Origin',(57.95,-77.815,-6.51));
#4267=CARTESIAN_POINT('',(58.,-74.8154166956059,-4.51));
#4268=CARTESIAN_POINT('',(58.,-74.8154166956059,-6.51));
#4269=CARTESIAN_POINT('Origin',(57.95,-77.815,-4.51));
#4270=CARTESIAN_POINT('Origin',(57.25,-58.565,-4.51));
#4271=CARTESIAN_POINT('',(58.,-40.7639995996797,-4.51));
#4272=CARTESIAN_POINT('',(56.7,-39.515,-4.51));
#4273=CARTESIAN_POINT('Origin',(57.95,-39.515,-4.51));
#4274=CARTESIAN_POINT('',(58.,-83.865,-4.51));
#4275=CARTESIAN_POINT('',(58.,-38.2660004003203,-4.51));
#4276=CARTESIAN_POINT('',(58.,-83.865,-4.51));
#4277=CARTESIAN_POINT('Origin',(57.95,-39.515,-4.51));
#4278=CARTESIAN_POINT('Origin',(57.25,-58.565,-4.51));
#4279=CARTESIAN_POINT('',(58.,-59.8059673645991,-4.51));
#4280=CARTESIAN_POINT('',(56.9,-58.565,-4.51));
#4281=CARTESIAN_POINT('Origin',(58.15,-58.565,-4.51));
#4282=CARTESIAN_POINT('',(58.,-83.865,-4.51));
#4283=CARTESIAN_POINT('',(56.5,-33.265,-4.51));
#4284=CARTESIAN_POINT('',(58.,-57.3240326354009,-4.51));
#4285=CARTESIAN_POINT('',(58.,-83.865,-4.51));
#4286=CARTESIAN_POINT('Origin',(58.15,-58.565,-4.51));
#4287=CARTESIAN_POINT('Origin',(57.25,-58.565,-4.51));
#4288=CARTESIAN_POINT('',(58.,-79.0639995996797,-4.51));
#4289=CARTESIAN_POINT('',(56.7,-77.815,-4.51));
#4290=CARTESIAN_POINT('Origin',(57.95,-77.815,-4.51));
#4291=CARTESIAN_POINT('',(58.,-83.865,-4.51));
#4292=CARTESIAN_POINT('',(56.5,-33.265,-4.51));
#4293=CARTESIAN_POINT('',(58.,-76.5660004003203,-4.51));
#4294=CARTESIAN_POINT('',(58.,-83.865,-4.51));
#4295=CARTESIAN_POINT('Origin',(57.95,-77.815,-4.51));
#4296=CARTESIAN_POINT('Origin',(56.5,-33.265,-7.51));
#4297=CARTESIAN_POINT('',(56.5,-45.915,-6.51));
#4298=CARTESIAN_POINT('Origin',(56.5,-33.265,-7.51));
#4299=CARTESIAN_POINT('',(56.5,-45.915,-6.51));
#4300=CARTESIAN_POINT('Origin',(19.4,-31.765,-7.51));
#4301=CARTESIAN_POINT('',(19.4,-85.365,-6.51));
#4302=CARTESIAN_POINT('',(19.4,-31.765,-6.51));
#4303=CARTESIAN_POINT('',(19.4,-47.3225,-6.51));
#4304=CARTESIAN_POINT('',(19.4,-85.365,-7.51));
#4305=CARTESIAN_POINT('',(19.4,-85.365,-7.51));
#4306=CARTESIAN_POINT('',(19.4,-31.765,-7.51));
#4307=CARTESIAN_POINT('',(19.4,-31.765,-7.51));
#4308=CARTESIAN_POINT('',(19.4,-31.765,-7.51));
#4309=CARTESIAN_POINT('Origin',(58.,-31.765,-7.51));
#4310=CARTESIAN_POINT('',(58.,-31.765,-6.51));
#4311=CARTESIAN_POINT('',(57.9375,-31.765,-6.51));
#4312=CARTESIAN_POINT('',(58.,-31.765,-7.51));
#4313=CARTESIAN_POINT('',(58.,-31.765,-7.51));
#4314=CARTESIAN_POINT('',(58.,-31.765,-7.51));
#4315=CARTESIAN_POINT('Origin',(58.,-85.365,-7.51));
#4316=CARTESIAN_POINT('',(58.,-85.365,-6.51));
#4317=CARTESIAN_POINT('',(58.,-74.1225,-6.51));
#4318=CARTESIAN_POINT('',(58.,-79.0639995996797,-6.01));
#4319=CARTESIAN_POINT('',(58.,-79.0639995996797,-6.01));
#4320=CARTESIAN_POINT('',(58.,-76.5660004003203,-6.01));
#4321=CARTESIAN_POINT('',(58.,-80.84,-6.01));
#4322=CARTESIAN_POINT('',(58.,-76.5660004003203,-6.01));
#4323=CARTESIAN_POINT('',(58.,-74.1225,-6.51));
#4324=CARTESIAN_POINT('',(58.,-59.8059673645991,-6.01));
#4325=CARTESIAN_POINT('',(58.,-59.8059673645991,-6.01));
#4326=CARTESIAN_POINT('',(58.,-57.3240326354009,-6.01));
#4327=CARTESIAN_POINT('',(58.,-71.215,-6.01));
#4328=CARTESIAN_POINT('',(58.,-57.3240326354009,-6.01));
#4329=CARTESIAN_POINT('',(58.,-74.1225,-6.51));
#4330=CARTESIAN_POINT('',(58.,-40.7639995996797,-6.01));
#4331=CARTESIAN_POINT('',(58.,-40.7639995996797,-6.01));
#4332=CARTESIAN_POINT('',(58.,-38.2660004003203,-6.01));
#4333=CARTESIAN_POINT('',(58.,-61.69,-6.01));
#4334=CARTESIAN_POINT('',(58.,-38.2660004003203,-6.01));
#4335=CARTESIAN_POINT('',(58.,-74.1225,-6.51));
#4336=CARTESIAN_POINT('',(58.,-85.365,-7.51));
#4337=CARTESIAN_POINT('',(58.,-85.365,-7.51));
#4338=CARTESIAN_POINT('',(58.,-85.365,-7.51));
#4339=CARTESIAN_POINT('Origin',(19.4,-85.365,-7.51));
#4340=CARTESIAN_POINT('',(38.6375,-85.365,-6.51));
#4341=CARTESIAN_POINT('',(19.4,-85.365,-7.51));
#4342=CARTESIAN_POINT('Origin',(58.15,-58.565,-6.01));
#4343=CARTESIAN_POINT('Origin',(58.15,-58.565,-6.01));
#4344=CARTESIAN_POINT('Origin',(57.95,-39.515,-6.01));
#4345=CARTESIAN_POINT('Origin',(57.95,-39.515,-6.01));
#4346=CARTESIAN_POINT('Origin',(57.95,-77.815,-6.01));
#4347=CARTESIAN_POINT('Origin',(57.95,-77.815,-6.01));
#4348=CARTESIAN_POINT('Origin',(38.7,-58.565,-7.51));
#4349=CARTESIAN_POINT('Origin',(57.875,-62.88,-6.51));
#4350=CARTESIAN_POINT('',(74.2,-58.565,-6.51));
#4351=CARTESIAN_POINT('Origin',(77.2,-58.565,-6.51));
#4352=CARTESIAN_POINT('Origin',(18.19,-113.32,-7.01));
#4353=CARTESIAN_POINT('Origin',(18.19,-113.32,-7.01));
#4354=CARTESIAN_POINT('',(18.19,-113.32,-9.01));
#4355=CARTESIAN_POINT('Origin',(18.19,-113.32,-7.01));
#4356=CARTESIAN_POINT('Origin',(18.19,-113.32,-7.01));
#4357=CARTESIAN_POINT('Origin',(97.56,-113.32,-7.01));
#4358=CARTESIAN_POINT('',(97.56,-113.32,-9.01));
#4359=CARTESIAN_POINT('Origin',(97.56,-113.32,-7.01));
#4360=CARTESIAN_POINT('Origin',(97.56,-113.32,-7.01));
#4361=CARTESIAN_POINT('Origin',(37.0325,-113.32,-7.01));
#4362=CARTESIAN_POINT('',(37.0325,-113.32,-9.01));
#4363=CARTESIAN_POINT('Origin',(18.19,-12.44,-7.01));
#4364=CARTESIAN_POINT('',(18.19,-12.44,-9.01));
#4365=CARTESIAN_POINT('Origin',(18.19,-12.44,-7.01));
#4366=CARTESIAN_POINT('Origin',(18.19,-12.44,-7.01));
#4367=CARTESIAN_POINT('Origin',(18.19,-12.44,-7.01));
#4368=CARTESIAN_POINT('Origin',(18.19,-36.66,-7.01));
#4369=CARTESIAN_POINT('',(18.19,-36.66,-9.01));
#4370=CARTESIAN_POINT('Origin',(18.19,-12.44,-9.01));
#4371=CARTESIAN_POINT('Origin',(97.56,-12.44,-7.01));
#4372=CARTESIAN_POINT('',(97.56,-12.44,-9.01));
#4373=CARTESIAN_POINT('Origin',(97.56,-12.44,-7.01));
#4374=CARTESIAN_POINT('Origin',(97.56,-12.44,-7.01));
#4375=CARTESIAN_POINT('Origin',(97.56,-89.1,-7.01));
#4376=CARTESIAN_POINT('',(97.56,-89.1,-9.01));
#4377=CARTESIAN_POINT('Origin',(78.7175,-12.44,-7.01));
#4378=CARTESIAN_POINT('',(78.7175,-12.44,-9.01));
#4379=CARTESIAN_POINT('Origin',(18.19,-113.32,-9.01));
#4380=CARTESIAN_POINT('Origin',(57.875,-62.88,-9.01));
#4381=CARTESIAN_POINT('Origin',(29.57,-13.94,-3.665));
#4382=CARTESIAN_POINT('',(29.57,-13.94,1.375));
#4383=CARTESIAN_POINT('',(29.57,-13.94,-3.665));
#4384=CARTESIAN_POINT('Origin',(24.675,-11.69,-3.665));
#4385=CARTESIAN_POINT('',(19.78,-9.44,-3.665));
#4386=CARTESIAN_POINT('Origin',(19.78,-9.44,-3.665));
#4387=CARTESIAN_POINT('',(19.78,-9.44,1.375));
#4388=CARTESIAN_POINT('Origin',(24.675,-11.69,1.375));
#4389=CARTESIAN_POINT('Origin',(38.7,-58.565,-6.51));
#4390=CARTESIAN_POINT('Origin',(38.7,-58.565,-6.51));
#4391=CARTESIAN_POINT('Origin',(77.2,-58.565,-6.01));
#4392=CARTESIAN_POINT('',(75.95,-58.565,-6.01));
#4393=CARTESIAN_POINT('Origin',(77.2,-58.565,-6.01));
#4394=CARTESIAN_POINT('',(75.95,-58.565,-0.0099999999999989));
#4395=CARTESIAN_POINT('',(75.95,-58.565,-6.01));
#4396=CARTESIAN_POINT('Origin',(77.2,-58.565,-0.01));
#4397=CARTESIAN_POINT('Origin',(77.2,-58.565,-6.01));
#4398=CARTESIAN_POINT('Origin',(58.15,-58.565,-6.01));
#4399=CARTESIAN_POINT('',(56.9,-58.565,-0.0099999999999989));
#4400=CARTESIAN_POINT('',(56.9,-58.565,-6.01));
#4401=CARTESIAN_POINT('Origin',(58.15,-58.565,-0.01));
#4402=CARTESIAN_POINT('Origin',(57.95,-39.515,-6.01));
#4403=CARTESIAN_POINT('',(56.7,-39.515,-0.0099999999999989));
#4404=CARTESIAN_POINT('',(56.7,-39.515,-6.01));
#4405=CARTESIAN_POINT('Origin',(57.95,-39.515,-0.01));
#4406=CARTESIAN_POINT('Origin',(57.95,-77.815,-6.01));
#4407=CARTESIAN_POINT('',(56.7,-77.815,-0.0099999999999989));
#4408=CARTESIAN_POINT('',(56.7,-77.815,-6.01));
#4409=CARTESIAN_POINT('Origin',(57.95,-77.815,-0.01));
#4410=CARTESIAN_POINT('Origin',(77.2,-58.565,-6.51));
#4411=CARTESIAN_POINT('',(74.2,-58.565,-0.01));
#4412=CARTESIAN_POINT('Origin',(77.2,-58.565,-0.01));
#4413=CARTESIAN_POINT('',(74.2,-58.565,-6.51));
#4414=CARTESIAN_POINT('Origin',(77.2,-58.565,-0.01));
#4415=CARTESIAN_POINT('Origin',(58.15,-58.565,-0.01));
#4416=CARTESIAN_POINT('Origin',(57.95,-39.515,-0.01));
#4417=CARTESIAN_POINT('Origin',(57.95,-77.815,-0.01));
#4418=CARTESIAN_POINT('Origin',(38.7,-58.565,-6.51));
#4419=CARTESIAN_POINT('',(56.5,-36.8886908026662,-6.51));
#4420=CARTESIAN_POINT('',(56.5,-42.1413091973338,-6.51));
#4421=CARTESIAN_POINT('',(56.5,-45.915,-6.51));
#4422=CARTESIAN_POINT('Origin',(57.95,-39.515,-6.51));
#4423=CARTESIAN_POINT('Origin',(56.5,-33.265,-7.51));
#4424=CARTESIAN_POINT('',(56.5,-42.1413091973338,-4.51));
#4425=CARTESIAN_POINT('',(56.5,-42.1413091973338,-6.51));
#4426=CARTESIAN_POINT('',(56.5,-36.8886908026662,-4.51));
#4427=CARTESIAN_POINT('',(56.5,-36.8886908026662,-6.51));
#4428=CARTESIAN_POINT('',(56.5,-33.265,-4.51));
#4429=CARTESIAN_POINT('Origin',(57.95,-39.515,-6.51));
#4430=CARTESIAN_POINT('Origin',(57.95,-39.515,-4.51));
#4431=CARTESIAN_POINT('Origin',(37.595,-58.565,-4.51));
#4432=CARTESIAN_POINT('',(0.,0.,0.));
#4433=CARTESIAN_POINT('',(0.,0.,0.));
#4434=CARTESIAN_POINT('Origin',(57.875,-62.875,4.02));
#4435=CARTESIAN_POINT('',(18.94,-13.19,4.02));
#4436=CARTESIAN_POINT('',(18.94,-112.56,4.02));
#4437=CARTESIAN_POINT('',(18.94,-38.0325,4.02));
#4438=CARTESIAN_POINT('',(96.81,-13.19,4.02));
#4439=CARTESIAN_POINT('',(77.3425,-13.19,4.02));
#4440=CARTESIAN_POINT('',(96.81,-112.56,4.02));
#4441=CARTESIAN_POINT('',(96.81,-87.7175,4.02));
#4442=CARTESIAN_POINT('',(38.4075,-112.56,4.02));
#4443=CARTESIAN_POINT('',(56.25,-39.515,4.02));
#4444=CARTESIAN_POINT('Origin',(57.95,-39.515,4.02));
#4445=CARTESIAN_POINT('',(75.5,-58.565,4.02));
#4446=CARTESIAN_POINT('Origin',(77.2,-58.565,4.02));
#4447=CARTESIAN_POINT('',(56.25,-77.815,4.02));
#4448=CARTESIAN_POINT('Origin',(57.95,-77.815,4.02));
#4449=CARTESIAN_POINT('',(56.45,-58.565,4.02));
#4450=CARTESIAN_POINT('Origin',(58.15,-58.565,4.02));
#4451=CARTESIAN_POINT('',(55.375,-22.81,4.02));
#4452=CARTESIAN_POINT('',(55.375,-36.81,4.02));
#4453=CARTESIAN_POINT('',(55.375,-49.8425,4.02));
#4454=CARTESIAN_POINT('',(41.375,-22.81,4.02));
#4455=CARTESIAN_POINT('',(56.625,-22.81,4.02));
#4456=CARTESIAN_POINT('',(41.375,-36.81,4.02));
#4457=CARTESIAN_POINT('',(41.375,-42.8425,4.02));
#4458=CARTESIAN_POINT('',(49.625,-36.81,4.02));
#4459=CARTESIAN_POINT('',(55.375,-42.06,4.02));
#4460=CARTESIAN_POINT('',(55.375,-56.06,4.02));
#4461=CARTESIAN_POINT('',(55.375,-59.4675,4.02));
#4462=CARTESIAN_POINT('',(41.375,-42.06,4.02));
#4463=CARTESIAN_POINT('',(56.625,-42.06,4.02));
#4464=CARTESIAN_POINT('',(41.375,-56.06,4.02));
#4465=CARTESIAN_POINT('',(41.375,-52.4675,4.02));
#4466=CARTESIAN_POINT('',(49.625,-56.06,4.02));
#4467=CARTESIAN_POINT('',(79.875,-22.81,4.02));
#4468=CARTESIAN_POINT('',(93.875,-22.81,4.02));
#4469=CARTESIAN_POINT('',(75.875,-22.81,4.02));
#4470=CARTESIAN_POINT('',(79.875,-36.81,4.02));
#4471=CARTESIAN_POINT('',(79.875,-42.8425,4.02));
#4472=CARTESIAN_POINT('',(93.875,-36.81,4.02));
#4473=CARTESIAN_POINT('',(68.875,-36.81,4.02));
#4474=CARTESIAN_POINT('',(93.875,-49.8425,4.02));
#4475=CARTESIAN_POINT('',(79.875,-80.56,4.02));
#4476=CARTESIAN_POINT('',(93.875,-80.56,4.02));
#4477=CARTESIAN_POINT('',(75.875,-80.56,4.02));
#4478=CARTESIAN_POINT('',(79.875,-94.56,4.02));
#4479=CARTESIAN_POINT('',(79.875,-71.7175,4.02));
#4480=CARTESIAN_POINT('',(93.875,-94.56,4.02));
#4481=CARTESIAN_POINT('',(68.875,-94.56,4.02));
#4482=CARTESIAN_POINT('',(93.875,-78.7175,4.02));
#4483=CARTESIAN_POINT('',(74.625,-75.31,4.02));
#4484=CARTESIAN_POINT('',(60.625,-75.31,4.02));
#4485=CARTESIAN_POINT('',(59.25,-75.31,4.02));
#4486=CARTESIAN_POINT('',(74.625,-61.31,4.02));
#4487=CARTESIAN_POINT('',(74.625,-69.0925,4.02));
#4488=CARTESIAN_POINT('',(60.625,-61.31,4.02));
#4489=CARTESIAN_POINT('',(66.25,-61.31,4.02));
#4490=CARTESIAN_POINT('',(60.625,-62.0925,4.02));
#4491=CARTESIAN_POINT('',(41.375,-80.56,4.02));
#4492=CARTESIAN_POINT('',(55.375,-80.56,4.02));
#4493=CARTESIAN_POINT('',(56.625,-80.56,4.02));
#4494=CARTESIAN_POINT('',(41.375,-94.56,4.02));
#4495=CARTESIAN_POINT('',(41.375,-71.7175,4.02));
#4496=CARTESIAN_POINT('',(55.375,-94.56,4.02));
#4497=CARTESIAN_POINT('',(49.625,-94.56,4.02));
#4498=CARTESIAN_POINT('',(55.375,-78.7175,4.02));
#4499=CARTESIAN_POINT('',(22.125,-42.06,4.02));
#4500=CARTESIAN_POINT('',(36.125,-42.06,4.02));
#4501=CARTESIAN_POINT('',(47.,-42.06,4.02));
#4502=CARTESIAN_POINT('',(22.125,-56.06,4.02));
#4503=CARTESIAN_POINT('',(22.125,-52.4675,4.02));
#4504=CARTESIAN_POINT('',(36.125,-56.06,4.02));
#4505=CARTESIAN_POINT('',(40.,-56.06,4.02));
#4506=CARTESIAN_POINT('',(36.125,-59.4675,4.02));
#4507=CARTESIAN_POINT('',(55.375,-61.31,4.02));
#4508=CARTESIAN_POINT('',(55.375,-75.31,4.02));
#4509=CARTESIAN_POINT('',(55.375,-69.0925,4.02));
#4510=CARTESIAN_POINT('',(41.375,-61.31,4.02));
#4511=CARTESIAN_POINT('',(56.625,-61.31,4.02));
#4512=CARTESIAN_POINT('',(41.375,-75.31,4.02));
#4513=CARTESIAN_POINT('',(41.375,-62.0925,4.02));
#4514=CARTESIAN_POINT('',(49.625,-75.31,4.02));
#4515=CARTESIAN_POINT('',(22.125,-61.31,4.02));
#4516=CARTESIAN_POINT('',(36.125,-61.31,4.02));
#4517=CARTESIAN_POINT('',(47.,-61.31,4.02));
#4518=CARTESIAN_POINT('',(22.125,-75.31,4.02));
#4519=CARTESIAN_POINT('',(22.125,-62.0925,4.02));
#4520=CARTESIAN_POINT('',(36.125,-75.31,4.02));
#4521=CARTESIAN_POINT('',(40.,-75.31,4.02));
#4522=CARTESIAN_POINT('',(36.125,-69.0925,4.02));
#4523=CARTESIAN_POINT('',(22.125,-80.56,4.02));
#4524=CARTESIAN_POINT('',(36.125,-80.56,4.02));
#4525=CARTESIAN_POINT('',(47.,-80.56,4.02));
#4526=CARTESIAN_POINT('',(22.125,-94.56,4.02));
#4527=CARTESIAN_POINT('',(22.125,-71.7175,4.02));
#4528=CARTESIAN_POINT('',(36.125,-94.56,4.02));
#4529=CARTESIAN_POINT('',(40.,-94.56,4.02));
#4530=CARTESIAN_POINT('',(36.125,-78.7175,4.02));
#4531=CARTESIAN_POINT('',(60.625,-94.56,4.02));
#4532=CARTESIAN_POINT('',(60.625,-80.56,4.02));
#4533=CARTESIAN_POINT('',(60.625,-71.7175,4.02));
#4534=CARTESIAN_POINT('',(74.625,-94.56,4.02));
#4535=CARTESIAN_POINT('',(59.25,-94.56,4.02));
#4536=CARTESIAN_POINT('',(74.625,-80.56,4.02));
#4537=CARTESIAN_POINT('',(74.625,-78.7175,4.02));
#4538=CARTESIAN_POINT('',(66.25,-80.56,4.02));
#4539=CARTESIAN_POINT('',(79.875,-75.31,4.02));
#4540=CARTESIAN_POINT('',(79.875,-61.31,4.02));
#4541=CARTESIAN_POINT('',(79.875,-62.0925,4.02));
#4542=CARTESIAN_POINT('',(93.875,-75.31,4.02));
#4543=CARTESIAN_POINT('',(68.875,-75.31,4.02));
#4544=CARTESIAN_POINT('',(93.875,-61.31,4.02));
#4545=CARTESIAN_POINT('',(93.875,-69.0925,4.02));
#4546=CARTESIAN_POINT('',(75.875,-61.31,4.02));
#4547=CARTESIAN_POINT('',(93.875,-56.06,4.02));
#4548=CARTESIAN_POINT('',(79.875,-56.06,4.02));
#4549=CARTESIAN_POINT('',(68.875,-56.06,4.02));
#4550=CARTESIAN_POINT('',(93.875,-42.06,4.02));
#4551=CARTESIAN_POINT('',(93.875,-59.4675,4.02));
#4552=CARTESIAN_POINT('',(79.875,-42.06,4.02));
#4553=CARTESIAN_POINT('',(75.875,-42.06,4.02));
#4554=CARTESIAN_POINT('',(79.875,-52.4675,4.02));
#4555=CARTESIAN_POINT('',(74.625,-36.81,4.02));
#4556=CARTESIAN_POINT('',(60.625,-36.81,4.02));
#4557=CARTESIAN_POINT('',(59.25,-36.81,4.02));
#4558=CARTESIAN_POINT('',(74.625,-22.81,4.02));
#4559=CARTESIAN_POINT('',(74.625,-49.8425,4.02));
#4560=CARTESIAN_POINT('',(60.625,-22.81,4.02));
#4561=CARTESIAN_POINT('',(66.25,-22.81,4.02));
#4562=CARTESIAN_POINT('',(60.625,-42.8425,4.02));
#4563=CARTESIAN_POINT('',(74.625,-42.06,4.02));
#4564=CARTESIAN_POINT('',(74.625,-56.06,4.02));
#4565=CARTESIAN_POINT('',(74.625,-59.4675,4.02));
#4566=CARTESIAN_POINT('',(60.625,-42.06,4.02));
#4567=CARTESIAN_POINT('',(66.25,-42.06,4.02));
#4568=CARTESIAN_POINT('',(60.625,-56.06,4.02));
#4569=CARTESIAN_POINT('',(60.625,-52.4675,4.02));
#4570=CARTESIAN_POINT('',(59.25,-56.06,4.02));
#4571=CARTESIAN_POINT('',(22.125,-22.81,4.02));
#4572=CARTESIAN_POINT('',(36.125,-22.81,4.02));
#4573=CARTESIAN_POINT('',(47.,-22.81,4.02));
#4574=CARTESIAN_POINT('',(22.125,-36.81,4.02));
#4575=CARTESIAN_POINT('',(22.125,-42.8425,4.02));
#4576=CARTESIAN_POINT('',(36.125,-36.81,4.02));
#4577=CARTESIAN_POINT('',(40.,-36.81,4.02));
#4578=CARTESIAN_POINT('',(36.125,-49.8425,4.02));
#4579=CARTESIAN_POINT('Origin',(22.125,-22.81,6.52));
#4580=CARTESIAN_POINT('',(22.125,-22.81,8.52));
#4581=CARTESIAN_POINT('',(22.125,-22.81,6.52));
#4582=CARTESIAN_POINT('',(22.125,-36.81,8.52));
#4583=CARTESIAN_POINT('',(22.125,-42.8425,8.52));
#4584=CARTESIAN_POINT('',(22.125,-36.81,6.52));
#4585=CARTESIAN_POINT('Origin',(36.125,-22.81,6.52));
#4586=CARTESIAN_POINT('',(36.125,-22.81,8.52));
#4587=CARTESIAN_POINT('',(36.125,-22.81,6.52));
#4588=CARTESIAN_POINT('',(47.,-22.81,8.52));
#4589=CARTESIAN_POINT('Origin',(60.625,-42.06,6.52));
#4590=CARTESIAN_POINT('',(60.625,-42.06,8.52));
#4591=CARTESIAN_POINT('',(60.625,-42.06,6.52));
#4592=CARTESIAN_POINT('',(60.625,-56.06,8.52));
#4593=CARTESIAN_POINT('',(60.625,-52.4675,8.52));
#4594=CARTESIAN_POINT('',(60.625,-56.06,6.52));
#4595=CARTESIAN_POINT('Origin',(74.625,-42.06,6.52));
#4596=CARTESIAN_POINT('',(74.625,-42.06,8.52));
#4597=CARTESIAN_POINT('',(74.625,-42.06,6.52));
#4598=CARTESIAN_POINT('',(66.25,-42.06,8.52));
#4599=CARTESIAN_POINT('Origin',(74.625,-22.81,6.52));
#4600=CARTESIAN_POINT('',(74.625,-22.81,8.52));
#4601=CARTESIAN_POINT('',(74.625,-22.81,6.52));
#4602=CARTESIAN_POINT('',(60.625,-22.81,8.52));
#4603=CARTESIAN_POINT('',(66.25,-22.81,8.52));
#4604=CARTESIAN_POINT('',(60.625,-22.81,6.52));
#4605=CARTESIAN_POINT('Origin',(74.625,-36.81,6.52));
#4606=CARTESIAN_POINT('',(74.625,-36.81,8.52));
#4607=CARTESIAN_POINT('',(74.625,-36.81,6.52));
#4608=CARTESIAN_POINT('',(74.625,-49.8425,8.52));
#4609=CARTESIAN_POINT('Origin',(93.875,-42.06,6.52));
#4610=CARTESIAN_POINT('',(93.875,-42.06,8.52));
#4611=CARTESIAN_POINT('',(93.875,-42.06,6.52));
#4612=CARTESIAN_POINT('',(79.875,-42.06,8.52));
#4613=CARTESIAN_POINT('',(75.875,-42.06,8.52));
#4614=CARTESIAN_POINT('',(79.875,-42.06,6.52));
#4615=CARTESIAN_POINT('Origin',(93.875,-56.06,6.52));
#4616=CARTESIAN_POINT('',(93.875,-56.06,8.52));
#4617=CARTESIAN_POINT('',(93.875,-56.06,6.52));
#4618=CARTESIAN_POINT('',(93.875,-59.4675,8.52));
#4619=CARTESIAN_POINT('Origin',(93.875,-75.31,6.52));
#4620=CARTESIAN_POINT('',(93.875,-75.31,8.52));
#4621=CARTESIAN_POINT('',(93.875,-75.31,6.52));
#4622=CARTESIAN_POINT('',(93.875,-61.31,8.52));
#4623=CARTESIAN_POINT('',(93.875,-69.0925,8.52));
#4624=CARTESIAN_POINT('',(93.875,-61.31,6.52));
#4625=CARTESIAN_POINT('Origin',(79.875,-75.31,6.52));
#4626=CARTESIAN_POINT('',(79.875,-75.31,8.52));
#4627=CARTESIAN_POINT('',(79.875,-75.31,6.52));
#4628=CARTESIAN_POINT('',(68.875,-75.31,8.52));
#4629=CARTESIAN_POINT('Origin',(74.625,-94.56,6.52));
#4630=CARTESIAN_POINT('',(74.625,-94.56,8.52));
#4631=CARTESIAN_POINT('',(74.625,-94.56,6.52));
#4632=CARTESIAN_POINT('',(74.625,-80.56,8.52));
#4633=CARTESIAN_POINT('',(74.625,-78.7175,8.52));
#4634=CARTESIAN_POINT('',(74.625,-80.56,6.52));
#4635=CARTESIAN_POINT('Origin',(60.625,-94.56,6.52));
#4636=CARTESIAN_POINT('',(60.625,-94.56,8.52));
#4637=CARTESIAN_POINT('',(60.625,-94.56,6.52));
#4638=CARTESIAN_POINT('',(59.25,-94.56,8.52));
#4639=CARTESIAN_POINT('Origin',(22.125,-94.56,6.52));
#4640=CARTESIAN_POINT('',(22.125,-94.56,8.52));
#4641=CARTESIAN_POINT('',(22.125,-94.56,6.52));
#4642=CARTESIAN_POINT('',(36.125,-94.56,8.52));
#4643=CARTESIAN_POINT('',(40.,-94.56,8.52));
#4644=CARTESIAN_POINT('',(36.125,-94.56,6.52));
#4645=CARTESIAN_POINT('Origin',(22.125,-80.56,6.52));
#4646=CARTESIAN_POINT('',(22.125,-80.56,8.52));
#4647=CARTESIAN_POINT('',(22.125,-80.56,6.52));
#4648=CARTESIAN_POINT('',(22.125,-71.7175,8.52));
#4649=CARTESIAN_POINT('Origin',(22.125,-75.31,6.52));
#4650=CARTESIAN_POINT('',(22.125,-75.31,8.52));
#4651=CARTESIAN_POINT('',(22.125,-75.31,6.52));
#4652=CARTESIAN_POINT('',(36.125,-75.31,8.52));
#4653=CARTESIAN_POINT('',(40.,-75.31,8.52));
#4654=CARTESIAN_POINT('',(36.125,-75.31,6.52));
#4655=CARTESIAN_POINT('Origin',(22.125,-61.31,6.52));
#4656=CARTESIAN_POINT('',(22.125,-61.31,8.52));
#4657=CARTESIAN_POINT('',(22.125,-61.31,6.52));
#4658=CARTESIAN_POINT('',(22.125,-62.0925,8.52));
#4659=CARTESIAN_POINT('Origin',(41.375,-61.31,6.52));
#4660=CARTESIAN_POINT('',(41.375,-61.31,8.52));
#4661=CARTESIAN_POINT('',(41.375,-61.31,6.52));
#4662=CARTESIAN_POINT('',(41.375,-75.31,8.52));
#4663=CARTESIAN_POINT('',(41.375,-62.0925,8.52));
#4664=CARTESIAN_POINT('',(41.375,-75.31,6.52));
#4665=CARTESIAN_POINT('Origin',(55.375,-61.31,6.52));
#4666=CARTESIAN_POINT('',(55.375,-61.31,8.52));
#4667=CARTESIAN_POINT('',(55.375,-61.31,6.52));
#4668=CARTESIAN_POINT('',(56.625,-61.31,8.52));
#4669=CARTESIAN_POINT('Origin',(22.125,-56.06,6.52));
#4670=CARTESIAN_POINT('',(22.125,-56.06,8.52));
#4671=CARTESIAN_POINT('',(22.125,-56.06,6.52));
#4672=CARTESIAN_POINT('',(36.125,-56.06,8.52));
#4673=CARTESIAN_POINT('',(40.,-56.06,8.52));
#4674=CARTESIAN_POINT('',(36.125,-56.06,6.52));
#4675=CARTESIAN_POINT('Origin',(22.125,-42.06,6.52));
#4676=CARTESIAN_POINT('',(22.125,-42.06,8.52));
#4677=CARTESIAN_POINT('',(22.125,-42.06,6.52));
#4678=CARTESIAN_POINT('',(22.125,-52.4675,8.52));
#4679=CARTESIAN_POINT('Origin',(41.375,-94.56,6.52));
#4680=CARTESIAN_POINT('',(41.375,-94.56,8.52));
#4681=CARTESIAN_POINT('',(41.375,-94.56,6.52));
#4682=CARTESIAN_POINT('',(55.375,-94.56,8.52));
#4683=CARTESIAN_POINT('',(49.625,-94.56,8.52));
#4684=CARTESIAN_POINT('',(55.375,-94.56,6.52));
#4685=CARTESIAN_POINT('Origin',(41.375,-80.56,6.52));
#4686=CARTESIAN_POINT('',(41.375,-80.56,8.52));
#4687=CARTESIAN_POINT('',(41.375,-80.56,6.52));
#4688=CARTESIAN_POINT('',(41.375,-71.7175,8.52));
#4689=CARTESIAN_POINT('Origin',(74.625,-61.31,6.52));
#4690=CARTESIAN_POINT('',(74.625,-61.31,8.52));
#4691=CARTESIAN_POINT('',(74.625,-61.31,6.52));
#4692=CARTESIAN_POINT('',(60.625,-61.31,8.52));
#4693=CARTESIAN_POINT('',(66.25,-61.31,8.52));
#4694=CARTESIAN_POINT('',(60.625,-61.31,6.52));
#4695=CARTESIAN_POINT('Origin',(74.625,-75.31,6.52));
#4696=CARTESIAN_POINT('',(74.625,-75.31,8.52));
#4697=CARTESIAN_POINT('',(74.625,-75.31,6.52));
#4698=CARTESIAN_POINT('',(74.625,-69.0925,8.52));
#4699=CARTESIAN_POINT('Origin',(79.875,-94.56,6.52));
#4700=CARTESIAN_POINT('',(79.875,-94.56,8.52));
#4701=CARTESIAN_POINT('',(79.875,-94.56,6.52));
#4702=CARTESIAN_POINT('',(93.875,-94.56,8.52));
#4703=CARTESIAN_POINT('',(68.875,-94.56,8.52));
#4704=CARTESIAN_POINT('',(93.875,-94.56,6.52));
#4705=CARTESIAN_POINT('Origin',(79.875,-80.56,6.52));
#4706=CARTESIAN_POINT('',(79.875,-80.56,8.52));
#4707=CARTESIAN_POINT('',(79.875,-80.56,6.52));
#4708=CARTESIAN_POINT('',(79.875,-71.7175,8.52));
#4709=CARTESIAN_POINT('Origin',(79.875,-36.81,6.52));
#4710=CARTESIAN_POINT('',(79.875,-36.81,8.52));
#4711=CARTESIAN_POINT('',(79.875,-36.81,6.52));
#4712=CARTESIAN_POINT('',(93.875,-36.81,8.52));
#4713=CARTESIAN_POINT('',(68.875,-36.81,8.52));
#4714=CARTESIAN_POINT('',(93.875,-36.81,6.52));
#4715=CARTESIAN_POINT('Origin',(79.875,-22.81,6.52));
#4716=CARTESIAN_POINT('',(79.875,-22.81,8.52));
#4717=CARTESIAN_POINT('',(79.875,-22.81,6.52));
#4718=CARTESIAN_POINT('',(79.875,-42.8425,8.52));
#4719=CARTESIAN_POINT('Origin',(41.375,-42.06,6.52));
#4720=CARTESIAN_POINT('',(41.375,-42.06,8.52));
#4721=CARTESIAN_POINT('',(41.375,-42.06,6.52));
#4722=CARTESIAN_POINT('',(41.375,-56.06,8.52));
#4723=CARTESIAN_POINT('',(41.375,-52.4675,8.52));
#4724=CARTESIAN_POINT('',(41.375,-56.06,6.52));
#4725=CARTESIAN_POINT('Origin',(55.375,-42.06,6.52));
#4726=CARTESIAN_POINT('',(55.375,-42.06,8.52));
#4727=CARTESIAN_POINT('',(55.375,-42.06,6.52));
#4728=CARTESIAN_POINT('',(56.625,-42.06,8.52));
#4729=CARTESIAN_POINT('Origin',(41.375,-22.81,6.52));
#4730=CARTESIAN_POINT('',(41.375,-22.81,8.52));
#4731=CARTESIAN_POINT('',(41.375,-22.81,6.52));
#4732=CARTESIAN_POINT('',(41.375,-36.81,8.52));
#4733=CARTESIAN_POINT('',(41.375,-42.8425,8.52));
#4734=CARTESIAN_POINT('',(41.375,-36.81,6.52));
#4735=CARTESIAN_POINT('Origin',(55.375,-22.81,6.52));
#4736=CARTESIAN_POINT('',(55.375,-22.81,8.52));
#4737=CARTESIAN_POINT('',(55.375,-22.81,6.52));
#4738=CARTESIAN_POINT('',(56.625,-22.81,8.52));
#4739=CARTESIAN_POINT('Origin',(18.94,-112.56,3.52));
#4740=CARTESIAN_POINT('',(96.81,-112.56,8.52));
#4741=CARTESIAN_POINT('',(96.81,-112.56,3.52));
#4742=CARTESIAN_POINT('',(18.94,-112.56,8.52));
#4743=CARTESIAN_POINT('',(18.94,-112.56,8.52));
#4744=CARTESIAN_POINT('',(18.94,-112.56,3.52));
#4745=CARTESIAN_POINT('Origin',(96.81,-112.56,3.52));
#4746=CARTESIAN_POINT('',(96.81,-13.19,8.52));
#4747=CARTESIAN_POINT('',(96.81,-13.19,3.52));
#4748=CARTESIAN_POINT('',(96.81,-112.56,8.52));
#4749=CARTESIAN_POINT('Origin',(36.125,-36.81,6.52));
#4750=CARTESIAN_POINT('',(36.125,-36.81,8.52));
#4751=CARTESIAN_POINT('',(36.125,-36.81,6.52));
#4752=CARTESIAN_POINT('',(36.125,-49.8425,8.52));
#4753=CARTESIAN_POINT('Origin',(22.125,-36.81,6.52));
#4754=CARTESIAN_POINT('',(40.,-36.81,8.52));
#4755=CARTESIAN_POINT('Origin',(55.375,-36.81,6.52));
#4756=CARTESIAN_POINT('',(55.375,-36.81,8.52));
#4757=CARTESIAN_POINT('',(55.375,-36.81,6.52));
#4758=CARTESIAN_POINT('',(55.375,-49.8425,8.52));
#4759=CARTESIAN_POINT('Origin',(41.375,-36.81,6.52));
#4760=CARTESIAN_POINT('',(49.625,-36.81,8.52));
#4761=CARTESIAN_POINT('Origin',(55.375,-56.06,6.52));
#4762=CARTESIAN_POINT('',(55.375,-56.06,8.52));
#4763=CARTESIAN_POINT('',(55.375,-56.06,6.52));
#4764=CARTESIAN_POINT('',(55.375,-59.4675,8.52));
#4765=CARTESIAN_POINT('Origin',(41.375,-56.06,6.52));
#4766=CARTESIAN_POINT('',(49.625,-56.06,8.52));
#4767=CARTESIAN_POINT('Origin',(74.625,-56.06,6.52));
#4768=CARTESIAN_POINT('',(74.625,-56.06,8.52));
#4769=CARTESIAN_POINT('',(74.625,-56.06,6.52));
#4770=CARTESIAN_POINT('',(74.625,-59.4675,8.52));
#4771=CARTESIAN_POINT('Origin',(60.625,-56.06,6.52));
#4772=CARTESIAN_POINT('',(59.25,-56.06,8.52));
#4773=CARTESIAN_POINT('Origin',(60.625,-36.81,6.52));
#4774=CARTESIAN_POINT('',(60.625,-36.81,8.52));
#4775=CARTESIAN_POINT('',(60.625,-36.81,6.52));
#4776=CARTESIAN_POINT('',(59.25,-36.81,8.52));
#4777=CARTESIAN_POINT('Origin',(60.625,-22.81,6.52));
#4778=CARTESIAN_POINT('',(60.625,-42.8425,8.52));
#4779=CARTESIAN_POINT('Origin',(93.875,-36.81,6.52));
#4780=CARTESIAN_POINT('',(93.875,-22.81,8.52));
#4781=CARTESIAN_POINT('',(93.875,-49.8425,8.52));
#4782=CARTESIAN_POINT('',(93.875,-22.81,6.52));
#4783=CARTESIAN_POINT('Origin',(93.875,-22.81,6.52));
#4784=CARTESIAN_POINT('',(75.875,-22.81,8.52));
#4785=CARTESIAN_POINT('Origin',(79.875,-56.06,6.52));
#4786=CARTESIAN_POINT('',(79.875,-56.06,8.52));
#4787=CARTESIAN_POINT('',(79.875,-56.06,6.52));
#4788=CARTESIAN_POINT('',(68.875,-56.06,8.52));
#4789=CARTESIAN_POINT('Origin',(79.875,-42.06,6.52));
#4790=CARTESIAN_POINT('',(79.875,-52.4675,8.52));
#4791=CARTESIAN_POINT('Origin',(93.875,-94.56,6.52));
#4792=CARTESIAN_POINT('',(93.875,-80.56,8.52));
#4793=CARTESIAN_POINT('',(93.875,-78.7175,8.52));
#4794=CARTESIAN_POINT('',(93.875,-80.56,6.52));
#4795=CARTESIAN_POINT('Origin',(93.875,-80.56,6.52));
#4796=CARTESIAN_POINT('',(75.875,-80.56,8.52));
#4797=CARTESIAN_POINT('Origin',(93.875,-61.31,6.52));
#4798=CARTESIAN_POINT('',(79.875,-61.31,8.52));
#4799=CARTESIAN_POINT('',(75.875,-61.31,8.52));
#4800=CARTESIAN_POINT('',(79.875,-61.31,6.52));
#4801=CARTESIAN_POINT('Origin',(79.875,-61.31,6.52));
#4802=CARTESIAN_POINT('',(79.875,-62.0925,8.52));
#4803=CARTESIAN_POINT('Origin',(60.625,-75.31,6.52));
#4804=CARTESIAN_POINT('',(60.625,-75.31,8.52));
#4805=CARTESIAN_POINT('',(60.625,-75.31,6.52));
#4806=CARTESIAN_POINT('',(59.25,-75.31,8.52));
#4807=CARTESIAN_POINT('Origin',(60.625,-61.31,6.52));
#4808=CARTESIAN_POINT('',(60.625,-62.0925,8.52));
#4809=CARTESIAN_POINT('Origin',(74.625,-80.56,6.52));
#4810=CARTESIAN_POINT('',(60.625,-80.56,8.52));
#4811=CARTESIAN_POINT('',(66.25,-80.56,8.52));
#4812=CARTESIAN_POINT('',(60.625,-80.56,6.52));
#4813=CARTESIAN_POINT('Origin',(60.625,-80.56,6.52));
#4814=CARTESIAN_POINT('',(60.625,-71.7175,8.52));
#4815=CARTESIAN_POINT('Origin',(55.375,-94.56,6.52));
#4816=CARTESIAN_POINT('',(55.375,-80.56,8.52));
#4817=CARTESIAN_POINT('',(55.375,-78.7175,8.52));
#4818=CARTESIAN_POINT('',(55.375,-80.56,6.52));
#4819=CARTESIAN_POINT('Origin',(55.375,-80.56,6.52));
#4820=CARTESIAN_POINT('',(56.625,-80.56,8.52));
#4821=CARTESIAN_POINT('Origin',(36.125,-94.56,6.52));
#4822=CARTESIAN_POINT('',(36.125,-80.56,8.52));
#4823=CARTESIAN_POINT('',(36.125,-78.7175,8.52));
#4824=CARTESIAN_POINT('',(36.125,-80.56,6.52));
#4825=CARTESIAN_POINT('Origin',(36.125,-80.56,6.52));
#4826=CARTESIAN_POINT('',(47.,-80.56,8.52));
#4827=CARTESIAN_POINT('Origin',(36.125,-56.06,6.52));
#4828=CARTESIAN_POINT('',(36.125,-42.06,8.52));
#4829=CARTESIAN_POINT('',(36.125,-59.4675,8.52));
#4830=CARTESIAN_POINT('',(36.125,-42.06,6.52));
#4831=CARTESIAN_POINT('Origin',(36.125,-42.06,6.52));
#4832=CARTESIAN_POINT('',(47.,-42.06,8.52));
#4833=CARTESIAN_POINT('Origin',(36.125,-75.31,6.52));
#4834=CARTESIAN_POINT('',(36.125,-61.31,8.52));
#4835=CARTESIAN_POINT('',(36.125,-69.0925,8.52));
#4836=CARTESIAN_POINT('',(36.125,-61.31,6.52));
#4837=CARTESIAN_POINT('Origin',(36.125,-61.31,6.52));
#4838=CARTESIAN_POINT('',(47.,-61.31,8.52));
#4839=CARTESIAN_POINT('Origin',(55.375,-75.31,6.52));
#4840=CARTESIAN_POINT('',(55.375,-75.31,8.52));
#4841=CARTESIAN_POINT('',(55.375,-75.31,6.52));
#4842=CARTESIAN_POINT('',(55.375,-69.0925,8.52));
#4843=CARTESIAN_POINT('Origin',(41.375,-75.31,6.52));
#4844=CARTESIAN_POINT('',(49.625,-75.31,8.52));
#4845=CARTESIAN_POINT('Origin',(77.2,-58.565,1.52));
#4846=CARTESIAN_POINT('',(75.5,-58.565,8.52));
#4847=CARTESIAN_POINT('',(75.5,-58.565,1.52));
#4848=CARTESIAN_POINT('Origin',(77.2,-58.565,8.52));
#4849=CARTESIAN_POINT('Origin',(58.15,-58.565,1.52));
#4850=CARTESIAN_POINT('',(56.45,-58.565,8.52));
#4851=CARTESIAN_POINT('',(56.45,-58.565,1.52));
#4852=CARTESIAN_POINT('Origin',(58.15,-58.565,8.52));
#4853=CARTESIAN_POINT('Origin',(57.95,-39.515,1.52));
#4854=CARTESIAN_POINT('',(56.25,-39.515,8.52));
#4855=CARTESIAN_POINT('',(56.25,-39.515,1.52));
#4856=CARTESIAN_POINT('Origin',(57.95,-39.515,8.52));
#4857=CARTESIAN_POINT('Origin',(57.95,-77.815,1.52));
#4858=CARTESIAN_POINT('',(56.25,-77.815,8.52));
#4859=CARTESIAN_POINT('',(56.25,-77.815,1.52));
#4860=CARTESIAN_POINT('Origin',(57.95,-77.815,8.52));
#4861=CARTESIAN_POINT('Origin',(96.81,-13.19,3.52));
#4862=CARTESIAN_POINT('',(18.94,-13.19,8.52));
#4863=CARTESIAN_POINT('',(18.94,-13.19,3.52));
#4864=CARTESIAN_POINT('',(96.81,-13.19,8.52));
#4865=CARTESIAN_POINT('Origin',(18.94,-13.19,3.52));
#4866=CARTESIAN_POINT('',(18.94,-13.19,8.52));
#4867=CARTESIAN_POINT('Origin',(57.875,-62.875,8.52));
#4868=CARTESIAN_POINT('',(94.,0.,0.));
#4869=CARTESIAN_POINT('',(-0.999999999999996,0.,-1.7));
#4870=UNCERTAINTY_MEASURE_WITH_UNIT(LENGTH_MEASURE(0.01),#4880,
'DISTANCE_ACCURACY_VALUE',
'Maximum model space distance between geometric entities at asserted c
onnectivities');
#4871=UNCERTAINTY_MEASURE_WITH_UNIT(LENGTH_MEASURE(0.01),#4880,
'DISTANCE_ACCURACY_VALUE',
'Maximum model space distance between geometric entities at asserted c
onnectivities');
#4872=UNCERTAINTY_MEASURE_WITH_UNIT(LENGTH_MEASURE(0.01),#4880,
'DISTANCE_ACCURACY_VALUE',
'Maximum model space distance between geometric entities at asserted c
onnectivities');
#4873=UNCERTAINTY_MEASURE_WITH_UNIT(LENGTH_MEASURE(0.01),#4880,
'DISTANCE_ACCURACY_VALUE',
'Maximum model space distance between geometric entities at asserted c
onnectivities');
#4874=UNCERTAINTY_MEASURE_WITH_UNIT(LENGTH_MEASURE(0.01),#4880,
'DISTANCE_ACCURACY_VALUE',
'Maximum model space distance between geometric entities at asserted c
onnectivities');
#4875=(
GEOMETRIC_REPRESENTATION_CONTEXT(3)
GLOBAL_UNCERTAINTY_ASSIGNED_CONTEXT((#4870))
GLOBAL_UNIT_ASSIGNED_CONTEXT((#4880,#4882,#4883))
REPRESENTATION_CONTEXT('','3D')
);
#4876=(
GEOMETRIC_REPRESENTATION_CONTEXT(3)
GLOBAL_UNCERTAINTY_ASSIGNED_CONTEXT((#4871))
GLOBAL_UNIT_ASSIGNED_CONTEXT((#4880,#4882,#4883))
REPRESENTATION_CONTEXT('','3D')
);
#4877=(
GEOMETRIC_REPRESENTATION_CONTEXT(3)
GLOBAL_UNCERTAINTY_ASSIGNED_CONTEXT((#4872))
GLOBAL_UNIT_ASSIGNED_CONTEXT((#4880,#4882,#4883))
REPRESENTATION_CONTEXT('','3D')
);
#4878=(
GEOMETRIC_REPRESENTATION_CONTEXT(3)
GLOBAL_UNCERTAINTY_ASSIGNED_CONTEXT((#4873))
GLOBAL_UNIT_ASSIGNED_CONTEXT((#4880,#4882,#4883))
REPRESENTATION_CONTEXT('','3D')
);
#4879=(
GEOMETRIC_REPRESENTATION_CONTEXT(3)
GLOBAL_UNCERTAINTY_ASSIGNED_CONTEXT((#4874))
GLOBAL_UNIT_ASSIGNED_CONTEXT((#4880,#4882,#4883))
REPRESENTATION_CONTEXT('','3D')
);
#4880=(
LENGTH_UNIT()
NAMED_UNIT(*)
SI_UNIT(.MILLI.,.METRE.)
);
#4881=(
LENGTH_UNIT()
NAMED_UNIT(*)
SI_UNIT($,.METRE.)
);
#4882=(
NAMED_UNIT(*)
PLANE_ANGLE_UNIT()
SI_UNIT($,.RADIAN.)
);
#4883=(
NAMED_UNIT(*)
SI_UNIT($,.STERADIAN.)
SOLID_ANGLE_UNIT()
);
#4884=SHAPE_DEFINITION_REPRESENTATION(#4888,#4895);
#4885=SHAPE_DEFINITION_REPRESENTATION(#4889,#4896);
#4886=SHAPE_DEFINITION_REPRESENTATION(#4890,#4897);
#4887=SHAPE_DEFINITION_REPRESENTATION(#4892,#4898);
#4888=PRODUCT_DEFINITION_SHAPE('',$,#4900);
#4889=PRODUCT_DEFINITION_SHAPE('',$,#4901);
#4890=PRODUCT_DEFINITION_SHAPE('',$,#4902);
#4891=PRODUCT_DEFINITION_SHAPE($,$,#24);
#4892=PRODUCT_DEFINITION_SHAPE('',$,#4903);
#4893=PRODUCT_DEFINITION_SHAPE($,$,#25);
#4894=PRODUCT_DEFINITION_SHAPE($,$,#26);
#4895=SHAPE_REPRESENTATION('',(#3023,#3243,#3244),#4875);
#4896=SHAPE_REPRESENTATION('',(#3024,#3159),#4876);
#4897=SHAPE_REPRESENTATION('',(#3025),#4877);
#4898=SHAPE_REPRESENTATION('',(#3160),#4878);
#4899=PRODUCT_DEFINITION_CONTEXT('part definition',#4913,'design');
#4900=PRODUCT_DEFINITION('finished design V6','finished design V6 v1',#4904,
#4899);
#4901=PRODUCT_DEFINITION(
'Macro_Keyboard_Transmitter_Design_Mine_Bottom_Shell v123123',
'Macro_Keyboard_Transmitter_Design_Mine_Bottom_Shell v123123 v1',#4905,
#4899);
#4902=PRODUCT_DEFINITION('macro_keyboard_transmitter_soldermask',
'macro_keyboard_transmitter_soldermask',#4906,#4899);
#4903=PRODUCT_DEFINITION('Top_Shell','Top_Shell v1',#4907,#4899);
#4904=PRODUCT_DEFINITION_FORMATION('',$,#4915);
#4905=PRODUCT_DEFINITION_FORMATION('',$,#4916);
#4906=PRODUCT_DEFINITION_FORMATION('',$,#4917);
#4907=PRODUCT_DEFINITION_FORMATION('',$,#4918);
#4908=PRODUCT_RELATED_PRODUCT_CATEGORY('finished design V6 v1',
'finished design V6 v1',(#4915));
#4909=PRODUCT_RELATED_PRODUCT_CATEGORY(
'Macro_Keyboard_Transmitter_Design_Mine_Bottom_Shell v123123 v1',
'Macro_Keyboard_Transmitter_Design_Mine_Bottom_Shell v123123 v1',(#4916));
#4910=PRODUCT_RELATED_PRODUCT_CATEGORY(
'macro_keyboard_transmitter_soldermask',
'macro_keyboard_transmitter_soldermask',(#4917));
#4911=PRODUCT_RELATED_PRODUCT_CATEGORY('Top_Shell v1','Top_Shell v1',(#4918));
#4912=APPLICATION_PROTOCOL_DEFINITION('international standard',
'automotive_design',2009,#4913);
#4913=APPLICATION_CONTEXT(
'Core Data for Automotive Mechanical Design Process');
#4914=PRODUCT_CONTEXT('part definition',#4913,'mechanical');
#4915=PRODUCT('finished design V6','finished design V6 v1',$,(#4914));
#4916=PRODUCT(
'Macro_Keyboard_Transmitter_Design_Mine_Bottom_Shell v123123',
'Macro_Keyboard_Transmitter_Design_Mine_Bottom_Shell v123123 v1',$,(#4914));
#4917=PRODUCT('macro_keyboard_transmitter_soldermask',
'macro_keyboard_transmitter_soldermask',$,(#4914));
#4918=PRODUCT('Top_Shell','Top_Shell v1',$,(#4914));
#4919=PRESENTATION_STYLE_ASSIGNMENT((#4920));
#4920=SURFACE_STYLE_USAGE(.BOTH.,#4921);
#4921=SURFACE_SIDE_STYLE('',(#4922));
#4922=SURFACE_STYLE_FILL_AREA(#4923);
#4923=FILL_AREA_STYLE('Steel - Satin',(#4924));
#4924=FILL_AREA_STYLE_COLOUR('Steel - Satin',#4925);
#4925=COLOUR_RGB('Steel - Satin',0.627450980392157,0.627450980392157,0.627450980392157);
ENDSEC;
END-ISO-10303-21;
